year,combineRevenuPlus,combineRevenuMoins,combineTaux,montantImpot,inflation,,
1929,0,2000,0.02,0,9.2,,
1929,2000,3000,0.03,40,9.2,,
1929,3000,4000,0.04,70,9.2,,
1929,4000,5000,0.05,110,9.2,,
1929,5000,6000,0.06,160,9.2,,
1929,6000,7000,0.07,220,9.2,,
1929,7000,8000,0.08,290,9.2,,
1929,8000,9000,0.09,370,9.2,,
1929,9000,10000,0.1,460,9.2,,
1929,10000,11000,0.11,560,9.2,,
1929,11000,12000,0.12,670,9.2,,
1929,12000,13000,0.13,790,9.2,,
1929,13000,14000,0.14,920,9.2,,
1929,14000,15000,0.15,1060,9.2,,
1929,15000,16000,0.16,1210,9.2,,
1929,16000,17000,0.17,1370,9.2,,
1929,17000,18000,0.18,1540,9.2,,
1929,18000,19000,0.19,1720,9.2,,
1929,19000,20000,0.2,1910,9.2,,
1929,20000,25000,0.21,2110,9.2,,
1929,25000,30000,0.22,3160,9.2,,
1929,30000,35000,0.23,4260,9.2,,
1929,35000,40000,0.24,5410,9.2,,
1929,40000,45000,0.25,6610,9.2,,
1929,45000,50000,0.26,7860,9.2,,
1929,50000,55000,0.27,9160,9.2,,
1929,55000,60000,0.28,10510,9.2,,
1929,60000,65000,0.29,11910,9.2,,
1929,65000,70000,0.3,13360,9.2,,
1929,70000,75000,0.31,14860,9.2,,
1929,75000,80000,0.32,16410,9.2,,
1929,80000,85000,0.33,18010,9.2,,
1929,85000,90000,0.34,19660,9.2,,
1929,90000,95000,0.35,21360,9.2,,
1929,95000,100000,0.36,23110,9.2,,
1929,100000,110000,0.37,24910,9.2,,
1929,110000,120000,0.38,28610,9.2,,
1929,120000,130000,0.39,32410,9.2,,
1929,130000,140000,0.4,36310,9.2,,
1929,140000,150000,0.41,40310,9.2,,
1929,150000,175000,0.42,44410,9.2,,
1929,175000,200000,0.43,54910,9.2,,
1929,200000,250000,0.44,65660,9.2,,
1929,250000,300000,0.45,87660,9.2,,
1929,300000,350000,0.46,110160,9.2,,
1929,350000,400000,0.47,133160,9.2,,
1929,400000,450000,0.48,156660,9.2,,
1929,450000,500000,0.49,180660,9.2,,
1929,500000,,0.5,205160,9.2,,
1930,0,2000,0.02,0,9.1,,
1930,2000,3000,0.03,40,9.1,,
1930,3000,4000,0.04,70,9.1,,
1930,4000,5000,0.05,110,9.1,,
1930,5000,6000,0.06,160,9.1,,
1930,6000,7000,0.07,220,9.1,,
1930,7000,8000,0.08,290,9.1,,
1930,8000,9000,0.09,370,9.1,,
1930,9000,10000,0.1,460,9.1,,
1930,10000,11000,0.11,560,9.1,,
1930,11000,12000,0.12,670,9.1,,
1930,12000,13000,0.13,790,9.1,,
1930,13000,14000,0.14,920,9.1,,
1930,14000,15000,0.15,1060,9.1,,
1930,15000,16000,0.16,1210,9.1,,
1930,16000,17000,0.17,1370,9.1,,
1930,17000,18000,0.18,1540,9.1,,
1930,18000,19000,0.19,1720,9.1,,
1930,19000,20000,0.2,1910,9.1,,
1930,20000,25000,0.21,2110,9.1,,
1930,25000,30000,0.22,3160,9.1,,
1930,30000,35000,0.23,4260,9.1,,
1930,35000,40000,0.24,5410,9.1,,
1930,40000,45000,0.25,6610,9.1,,
1930,45000,50000,0.26,7860,9.1,,
1930,50000,55000,0.27,9160,9.1,,
1930,55000,60000,0.28,10510,9.1,,
1930,60000,65000,0.29,11910,9.1,,
1930,65000,70000,0.3,13360,9.1,,
1930,70000,75000,0.31,14860,9.1,,
1930,75000,80000,0.32,16410,9.1,,
1930,80000,85000,0.33,18010,9.1,,
1930,85000,90000,0.34,19660,9.1,,
1930,90000,95000,0.35,21360,9.1,,
1930,95000,100000,0.36,23110,9.1,,
1930,100000,110000,0.37,24910,9.1,,
1930,110000,120000,0.38,28610,9.1,,
1930,120000,130000,0.39,32410,9.1,,
1930,130000,140000,0.4,36310,9.1,,
1930,140000,150000,0.41,40310,9.1,,
1930,150000,175000,0.42,44410,9.1,,
1930,175000,200000,0.43,54910,9.1,,
1930,200000,250000,0.44,65660,9.1,,
1930,250000,300000,0.45,87660,9.1,,
1930,300000,350000,0.46,110160,9.1,,
1930,350000,400000,0.47,133160,9.1,,
1930,400000,450000,0.48,156660,9.1,,
1930,450000,500000,0.49,180660,9.1,,
1930,500000,,0.5,205160,9.1,,
1931,0,2000,0.02,0,8.2,,
1931,2000,3000,0.03,40,8.2,,
1931,3000,4000,0.04,70,8.2,,
1931,4000,5000,0.05,110,8.2,,
1931,5000,6000,0.06,160,8.2,,
1931,6000,7000,0.07,220,8.2,,
1931,7000,8000,0.08,290,8.2,,
1931,8000,9000,0.09,370,8.2,,
1931,9000,10000,0.1,460,8.2,,
1931,10000,11000,0.11,560,8.2,,
1931,11000,12000,0.12,670,8.2,,
1931,12000,13000,0.13,790,8.2,,
1931,13000,14000,0.14,920,8.2,,
1931,14000,15000,0.15,1060,8.2,,
1931,15000,16000,0.16,1210,8.2,,
1931,16000,17000,0.17,1370,8.2,,
1931,17000,18000,0.18,1540,8.2,,
1931,18000,19000,0.19,1720,8.2,,
1931,19000,20000,0.2,1910,8.2,,
1931,20000,25000,0.21,2110,8.2,,
1931,25000,30000,0.22,3160,8.2,,
1931,30000,35000,0.23,4260,8.2,,
1931,35000,40000,0.24,5410,8.2,,
1931,40000,45000,0.25,6610,8.2,,
1931,45000,50000,0.26,7860,8.2,,
1931,50000,55000,0.27,9160,8.2,,
1931,55000,60000,0.28,10510,8.2,,
1931,60000,65000,0.29,11910,8.2,,
1931,65000,70000,0.3,13360,8.2,,
1931,70000,75000,0.31,14860,8.2,,
1931,75000,80000,0.32,16410,8.2,,
1931,80000,85000,0.33,18010,8.2,,
1931,85000,90000,0.34,19660,8.2,,
1931,90000,95000,0.35,21360,8.2,,
1931,95000,100000,0.36,23110,8.2,,
1931,100000,110000,0.37,24910,8.2,,
1931,110000,120000,0.38,28610,8.2,,
1931,120000,130000,0.39,32410,8.2,,
1931,130000,140000,0.4,36310,8.2,,
1931,140000,150000,0.41,40310,8.2,,
1931,150000,175000,0.42,44410,8.2,,
1931,175000,200000,0.43,54910,8.2,,
1931,200000,250000,0.44,65660,8.2,,
1931,250000,300000,0.45,87660,8.2,,
1931,300000,350000,0.46,110160,8.2,,
1931,350000,400000,0.47,133160,8.2,,
1931,400000,450000,0.48,156660,8.2,,
1931,450000,500000,0.49,180660,8.2,,
1931,500000,,0.5,205160,8.2,,
1932,0,2000,0.02,0,7.5,,
1932,2000,3000,0.03,40,7.5,,
1932,3000,4000,0.04,70,7.5,,
1932,4000,5000,0.05,110,7.5,,
1932,5000,6000,0.06,160,7.5,,
1932,6000,7000,0.07,220,7.5,,
1932,7000,8000,0.08,290,7.5,,
1932,8000,9000,0.09,370,7.5,,
1932,9000,10000,0.1,460,7.5,,
1932,10000,11000,0.11,560,7.5,,
1932,11000,12000,0.12,670,7.5,,
1932,12000,13000,0.13,790,7.5,,
1932,13000,14000,0.14,920,7.5,,
1932,14000,15000,0.15,1060,7.5,,
1932,15000,16000,0.16,1210,7.5,,
1932,16000,17000,0.17,1370,7.5,,
1932,17000,18000,0.18,1540,7.5,,
1932,18000,19000,0.19,1720,7.5,,
1932,19000,20000,0.2,1910,7.5,,
1932,20000,25000,0.21,2110,7.5,,
1932,25000,30000,0.22,3160,7.5,,
1932,30000,35000,0.23,4260,7.5,,
1932,35000,40000,0.24,5410,7.5,,
1932,40000,45000,0.25,6610,7.5,,
1932,45000,50000,0.26,7860,7.5,,
1932,50000,55000,0.27,9160,7.5,,
1932,55000,60000,0.28,10510,7.5,,
1932,60000,65000,0.29,11910,7.5,,
1932,65000,70000,0.3,13360,7.5,,
1932,70000,75000,0.31,14860,7.5,,
1932,75000,80000,0.32,16410,7.5,,
1932,80000,85000,0.33,18010,7.5,,
1932,85000,90000,0.34,19660,7.5,,
1932,90000,95000,0.35,21360,7.5,,
1932,95000,100000,0.36,23110,7.5,,
1932,10000,110000,0.37,24910,7.5,,
1932,110000,120000,0.38,61910,7.5,,
1932,120000,130000,0.39,65710,7.5,,
1932,130000,140000,0.4,69610,7.5,,
1932,140000,150000,0.41,73610,7.5,,
1932,150000,175000,0.42,77710,7.5,,
1932,175000,200000,0.43,88210,7.5,,
1932,200000,250000,0.44,98960,7.5,,
1932,250000,300000,0.45,120960,7.5,,
1932,300000,350000,0.46,143460,7.5,,
1932,350000,400000,0.47,166460,7.5,,
1932,400000,450000,0.48,189960,7.5,,
1932,450000,500000,0.49,213960,7.5,,
1932,500000,,0.5,238460,7.5,,
1933,0,1000,0.03,0,7.1,,
1933,1000,2000,0.04,30,7.1,,
1933,2000,3000,0.05,70,7.1,,
1933,3000,4000,0.06,120,7.1,,
1933,4000,5000,0.12,180,7.1,,
1933,5000,6000,0.13,300,7.1,,
1933,6000,7000,0.14,430,7.1,,
1933,7000,8000,0.15,570,7.1,,
1933,8000,9000,0.16,720,7.1,,
1933,9000,10000,0.17,880,7.1,,
1933,10000,11000,0.18,1050,7.1,,
1933,11000,12000,0.19,1230,7.1,,
1933,12000,13000,0.2,1420,7.1,,
1933,13000,14000,0.21,1620,7.1,,
1933,14000,15000,0.22,1830,7.1,,
1933,15000,16000,0.23,2050,7.1,,
1933,16000,17000,0.24,2280,7.1,,
1933,17000,18000,0.25,2520,7.1,,
1933,18000,19000,0.26,2770,7.1,,
1933,19000,20000,0.27,3030,7.1,,
1933,20000,25000,0.28,3300,7.1,,
1933,25000,30000,0.29,4700,7.1,,
1933,30000,35000,0.3,6150,7.1,,
1933,35000,40000,0.31,7650,7.1,,
1933,40000,45000,0.32,9200,7.1,,
1933,45000,50000,0.33,10800,7.1,,
1933,50000,55000,0.34,12450,7.1,,
1933,55000,60000,0.35,14150,7.1,,
1933,60000,65000,0.36,15900,7.1,,
1933,65000,70000,0.37,17700,7.1,,
1933,70000,75000,0.38,19550,7.1,,
1933,75000,80000,0.39,21450,7.1,,
1933,80000,85000,0.4,23400,7.1,,
1933,85000,90000,0.41,25400,7.1,,
1933,90000,95000,0.42,27450,7.1,,
1933,95000,100000,0.43,29550,7.1,,
1933,100000,110000,0.44,31700,7.1,,
1933,110000,120000,0.45,36100,7.1,,
1933,120000,130000,0.46,40600,7.1,,
1933,130000,140000,0.47,45200,7.1,,
1933,140000,150000,0.48,49900,7.1,,
1933,150000,175000,0.49,54700,7.1,,
1933,175000,200000,0.5,66950,7.1,,
1933,200000,225000,0.51,79450,7.1,,
1933,225000,250000,0.52,92200,7.1,,
1933,250000,275000,0.53,105200,7.1,,
1933,275000,300000,0.54,118450,7.1,,
1933,300000,325000,0.55,131950,7.1,,
1933,325000,350000,0.56,145700,7.1,,
1933,350000,375000,0.57,159700,7.1,,
1933,375000,400000,0.58,173950,7.1,,
1933,400000,450000,0.59,188450,7.1,,
1933,450000,500000,0.6,217950,7.1,,
1933,500000,,0.61,247950,7.1,,
1934,0,1000,0.03,0,7.2,,
1934,1000,2000,0.04,30,7.2,,
1934,2000,3000,0.05,70,7.2,,
1934,3000,4000,0.06,120,7.2,,
1934,4000,5000,0.12,180,7.2,,
1934,5000,6000,0.13,300,7.2,,
1934,6000,7000,0.14,430,7.2,,
1934,7000,8000,0.15,570,7.2,,
1934,8000,9000,0.16,720,7.2,,
1934,9000,10000,0.17,880,7.2,,
1934,10000,11000,0.18,1050,7.2,,
1934,11000,12000,0.19,1230,7.2,,
1934,12000,13000,0.2,1420,7.2,,
1934,13000,14000,0.21,1620,7.2,,
1934,14000,15000,0.22,1830,7.2,,
1934,15000,16000,0.23,2050,7.2,,
1934,16000,17000,0.24,2280,7.2,,
1934,17000,18000,0.25,2520,7.2,,
1934,18000,19000,0.26,2770,7.2,,
1934,19000,20000,0.27,3030,7.2,,
1934,20000,25000,0.28,3300,7.2,,
1934,25000,30000,0.29,4700,7.2,,
1934,30000,35000,0.3,6150,7.2,,
1934,35000,40000,0.31,7650,7.2,,
1934,40000,45000,0.32,9200,7.2,,
1934,45000,50000,0.33,10800,7.2,,
1934,50000,55000,0.34,12450,7.2,,
1934,55000,60000,0.35,14150,7.2,,
1934,60000,65000,0.36,15900,7.2,,
1934,65000,70000,0.37,17700,7.2,,
1934,70000,75000,0.38,19550,7.2,,
1934,75000,80000,0.39,21450,7.2,,
1934,80000,85000,0.4,23400,7.2,,
1934,85000,90000,0.41,25400,7.2,,
1934,90000,95000,0.42,27450,7.2,,
1934,95000,100000,0.43,29550,7.2,,
1934,100000,110000,0.44,31700,7.2,,
1934,110000,120000,0.45,36100,7.2,,
1934,120000,130000,0.46,40600,7.2,,
1934,130000,140000,0.47,45200,7.2,,
1934,140000,150000,0.48,49900,7.2,,
1934,150000,175000,0.49,54700,7.2,,
1934,175000,200000,0.5,66950,7.2,,
1934,200000,225000,0.51,79450,7.2,,
1934,225000,250000,0.52,92200,7.2,,
1934,250000,275000,0.53,105200,7.2,,
1934,275000,300000,0.54,118450,7.2,,
1934,300000,325000,0.55,131950,7.2,,
1934,325000,350000,0.56,145700,7.2,,
1934,350000,375000,0.57,159700,7.2,,
1934,375000,400000,0.58,173950,7.2,,
1934,400000,450000,0.59,188450,7.2,,
1934,450000,500000,0.6,217950,7.2,,
1934,500000,,0.61,247950,7.2,,
1935,0,1000,0.03,0,7.3,,
1935,1000,2000,0.04,30,7.3,,
1935,2000,3000,0.05,70,7.3,,
1935,3000,4000,0.06,120,7.3,,
1935,4000,5000,0.12,180,7.3,,
1935,5000,6000,0.13,300,7.3,,
1935,6000,7000,0.14,430,7.3,,
1935,7000,8000,0.15,570,7.3,,
1935,8000,9000,0.16,720,7.3,,
1935,9000,10000,0.17,880,7.3,,
1935,10000,11000,0.18,1050,7.3,,
1935,11000,12000,0.19,1230,7.3,,
1935,12000,13000,0.2,1420,7.3,,
1935,13000,14000,0.21,1620,7.3,,
1935,14000,15000,0.22,1830,7.3,,
1935,15000,16000,0.23,2050,7.3,,
1935,16000,17000,0.24,2280,7.3,,
1935,17000,18000,0.25,2520,7.3,,
1935,18000,19000,0.26,2770,7.3,,
1935,19000,20000,0.27,3030,7.3,,
1935,20000,25000,0.28,3300,7.3,,
1935,25000,30000,0.29,4700,7.3,,
1935,30000,35000,0.3,6150,7.3,,
1935,35000,40000,0.31,7650,7.3,,
1935,40000,45000,0.32,9200,7.3,,
1935,45000,50000,0.33,10800,7.3,,
1935,50000,55000,0.34,12450,7.3,,
1935,55000,60000,0.35,14150,7.3,,
1935,60000,65000,0.36,15900,7.3,,
1935,65000,70000,0.37,17700,7.3,,
1935,70000,75000,0.38,19550,7.3,,
1935,75000,80000,0.39,21450,7.3,,
1935,80000,85000,0.4,23400,7.3,,
1935,85000,90000,0.41,25400,7.3,,
1935,90000,95000,0.42,27450,7.3,,
1935,95000,100000,0.43,29550,7.3,,
1935,100000,110000,0.44,31700,7.3,,
1935,110000,120000,0.45,36100,7.3,,
1935,120000,130000,0.46,40600,7.3,,
1935,130000,140000,0.47,45200,7.3,,
1935,140000,150000,0.48,49900,7.3,,
1935,150000,175000,0.49,54700,7.3,,
1935,175000,200000,0.5,66950,7.3,,
1935,200000,225000,0.51,79450,7.3,,
1935,225000,250000,0.52,92200,7.3,,
1935,250000,275000,0.53,105200,7.3,,
1935,275000,300000,0.54,118450,7.3,,
1935,300000,325000,0.55,131950,7.3,,
1935,325000,350000,0.56,145700,7.3,,
1935,350000,375000,0.57,159700,7.3,,
1935,375000,400000,0.58,173950,7.3,,
1935,400000,450000,0.59,188450,7.3,,
1935,450000,500000,0.6,217950,7.3,,
1935,500000,,0.61,247950,7.3,,
1936,0,1000,0,0,7.4,,
1936,1000,2000,0,0,7.4,,
1936,2000,3000,0.05,0,7.4,,
1936,3000,4000,0.06,50,7.4,,
1936,4000,5000,0.12,110,7.4,,
1936,5000,6000,0.13,230,7.4,,
1936,6000,7000,0.14,360,7.4,,
1936,7000,8000,0.15,500,7.4,,
1936,8000,9000,0.16,650,7.4,,
1936,9000,10000,0.17,810,7.4,,
1936,10000,11000,0.18,980,7.4,,
1936,11000,12000,0.19,1160,7.4,,
1936,12000,13000,0.2,1350,7.4,,
1936,13000,14000,0.21,1550,7.4,,
1936,14000,15000,0.22,1760,7.4,,
1936,15000,16000,0.23,1980,7.4,,
1936,16000,17000,0.24,2210,7.4,,
1936,17000,18000,0.25,2450,7.4,,
1936,18000,19000,0.26,2700,7.4,,
1936,19000,20000,0.27,2960,7.4,,
1936,20000,25000,0.28,3230,7.4,,
1936,25000,30000,0.29,4630,7.4,,
1936,30000,35000,0.3,6080,7.4,,
1936,35000,40000,0.31,7580,7.4,,
1936,40000,45000,0.32,9130,7.4,,
1936,45000,50000,0.33,10730,7.4,,
1936,50000,55000,0.34,12380,7.4,,
1936,55000,60000,0.35,14080,7.4,,
1936,60000,65000,0.36,15830,7.4,,
1936,65000,70000,0.37,17630,7.4,,
1936,70000,75000,0.38,19480,7.4,,
1936,75000,80000,0.39,21380,7.4,,
1936,80000,85000,0.4,23330,7.4,,
1936,85000,90000,0.41,25330,7.4,,
1936,90000,95000,0.42,27380,7.4,,
1936,95000,100000,0.43,29480,7.4,,
1936,100000,110000,0.44,31630,7.4,,
1936,110000,120000,0.45,36030,7.4,,
1936,120000,130000,0.46,40530,7.4,,
1936,130000,140000,0.47,45130,7.4,,
1936,140000,150000,0.48,49830,7.4,,
1936,150000,175000,0.49,54630,7.4,,
1936,175000,200000,0.5,66880,7.4,,
1936,200000,225000,0.51,79380,7.4,,
1936,225000,250000,0.52,92130,7.4,,
1936,250000,275000,0.53,105130,7.4,,
1936,275000,300000,0.54,118380,7.4,,
1936,300000,325000,0.55,131880,7.4,,
1936,325000,350000,0.56,145630,7.4,,
1936,350000,375000,0.57,159630,7.4,,
1936,375000,400000,0.58,173880,7.4,,
1936,400000,450000,0.59,188380,7.4,,
1936,450000,500000,0.6,217880,7.4,,
1936,500000,,0.61,247880,7.4,,
1937,0,1000,0.03,0,7.7,,
1937,1000,2000,0.04,30,7.7,,
1937,2000,3000,0.05,70,7.7,,
1937,3000,4000,0.06,120,7.7,,
1937,4000,5000,0.12,180,7.7,,
1937,5000,6000,0.13,300,7.7,,
1937,6000,7000,0.14,430,7.7,,
1937,7000,8000,0.15,570,7.7,,
1937,8000,9000,0.16,720,7.7,,
1937,9000,10000,0.17,880,7.7,,
1937,10000,11000,0.18,1050,7.7,,
1937,11000,12000,0.19,1230,7.7,,
1937,12000,13000,0.2,1420,7.7,,
1937,13000,14000,0.21,1620,7.7,,
1937,14000,15000,0.22,1830,7.7,,
1937,15000,16000,0.23,2050,7.7,,
1937,16000,17000,0.24,2280,7.7,,
1937,17000,18000,0.25,2520,7.7,,
1937,18000,19000,0.26,2770,7.7,,
1937,19000,20000,0.27,3030,7.7,,
1937,20000,25000,0.28,3300,7.7,,
1937,25000,30000,0.29,4700,7.7,,
1937,30000,35000,0.3,6150,7.7,,
1937,35000,40000,0.31,7650,7.7,,
1937,40000,45000,0.32,9200,7.7,,
1937,45000,50000,0.33,10800,7.7,,
1937,50000,55000,0.34,12450,7.7,,
1937,55000,60000,0.35,14150,7.7,,
1937,60000,65000,0.36,15900,7.7,,
1937,65000,70000,0.37,17700,7.7,,
1937,70000,75000,0.38,19550,7.7,,
1937,75000,80000,0.39,21450,7.7,,
1937,80000,85000,0.4,23400,7.7,,
1937,85000,90000,0.41,25400,7.7,,
1937,90000,95000,0.42,27450,7.7,,
1937,95000,100000,0.43,29550,7.7,,
1937,100000,110000,0.44,31700,7.7,,
1937,110000,120000,0.45,36100,7.7,,
1937,120000,130000,0.46,40600,7.7,,
1937,130000,140000,0.47,45200,7.7,,
1937,140000,150000,0.48,49900,7.7,,
1937,150000,175000,0.49,54700,7.7,,
1937,175000,200000,0.5,66950,7.7,,
1937,200000,225000,0.51,79450,7.7,,
1937,225000,250000,0.52,92200,7.7,,
1937,250000,275000,0.53,105200,7.7,,
1937,275000,300000,0.54,118450,7.7,,
1937,300000,325000,0.55,131950,7.7,,
1937,325000,350000,0.56,145700,7.7,,
1937,350000,375000,0.57,159700,7.7,,
1937,375000,400000,0.58,173950,7.7,,
1937,400000,450000,0.59,188450,7.7,,
1937,450000,500000,0.6,217950,7.7,,
1937,500000,,0.61,247950,7.7,,
1938,,,,,7.7,,
1938,,,,,7.7,,
1938,,,,,7.7,,
1938,,,,,7.7,,
1938,,,,,7.7,,
1938,,,,,7.7,,
1938,,,,,7.7,,
1938,,,,,7.7,,
1938,,,,,7.7,,
1938,,,,,7.7,,
1938,,,,,7.7,,
1938,,,,,7.7,,
1938,,,,,7.7,,
1938,,,,,7.7,,
1938,,,,,7.7,,
1938,,,,,7.7,,
1938,,,,,7.7,,
1939,,,,,7.7,,
1939,,,,,7.7,,
1939,,,,,7.7,,
1939,,,,,7.7,,
1939,,,,,7.7,,
1939,,,,,7.7,,
1939,,,,,7.7,,
1939,,,,,7.7,,
1939,,,,,7.7,,
1939,,,,,7.7,,
1939,,,,,7.7,,
1939,,,,,7.7,,
1939,,,,,7.7,,
1939,,,,,7.7,,
1939,,,,,7.7,,
1939,,,,,7.7,,
1939,,,,,7.7,,
1939,,,,,7.7,,
1940,,,,,8,,
1940,,,,,8,,
1940,,,,,8,,
1940,,,,,8,,
1940,,,,,8,,
1940,,,,,8,,
1940,,,,,8,,
1941,,,,,8.5,,
1941,,,,,8.5,,
1941,,,,,8.5,,
1941,,,,,8.5,,
1941,,,,,8.5,,
1941,,,,,8.5,,
1942,0,500,0.3,0,8.8,,
1942,500,1000,0.33,150,8.8,,
1942,1000,2000,0.37,315,8.8,,
1942,2000,3500,0.41,685,8.8,,
1942,3500,5000,0.45,1300,8.8,,
1942,5000,8000,0.5,1975,8.8,,
1942,8000,13000,0.55,3475,8.8,,
1942,13000,20000,0.6,6225,8.8,,
1942,20000,30000,0.65,10425,8.8,,
1942,30000,50000,0.7,16925,8.8,,
1942,50000,70000,0.75,30925,8.8,,
1942,70000,100000,0.8,45925,8.8,,
1942,100000,,0.85,69925,8.8,,
1943,0,660,0,0,9,,
1943,660,1000,0.33,0,9,,
1943,1000,2000,0.37,112.2,9,,
1943,2000,3500,0.41,482.2,9,,
1943,3500,5000,0.45,1097.2,9,,
1943,5000,8000,0.5,1772.2,9,,
1943,8000,13000,0.55,3272.2,9,,
1943,13000,20000,0.6,6022.2,9,,
1943,20000,30000,0.65,10222.2,9,,
1943,30000,50000,0.7,16722.2,9,,
1943,50000,70000,0.75,30722.2,9,,
1943,70000,100000,0.8,45722.2,9,,
1943,100000,,0.85,69722.2,9,,
1944,0,660,0,0,9.1,,
1944,660,1000,0.33,0,9.1,,
1944,1000,2000,0.37,112.2,9.1,,
1944,2000,3500,0.41,482.2,9.1,,
1944,3500,5000,0.45,1097.2,9.1,,
1944,5000,8000,0.5,1772.2,9.1,,
1944,8000,13000,0.55,3272.2,9.1,,
1944,13000,20000,0.6,6022.2,9.1,,
1944,20000,30000,0.65,10222.2,9.1,,
1944,30000,50000,0.7,16722.2,9.1,,
1944,50000,70000,0.75,30722.2,9.1,,
1944,70000,100000,0.8,45722.2,9.1,,
1944,100000,,0.85,69722.2,9.1,,
1945,0,660,0,0,9.2,,
1945,660,815,0.3333,0,9.2,,
1945,815,943,0.185,51.6615,9.2,,
1945,943,1160,0.29,75.3415,9.2,,
1945,1160,1660,0.32,138.2715,9.2,,
1945,1660,1800,0.36,298.2715,9.2,,
1945,1800,2660,0.37,348.6715,9.2,,
1945,2660,3000,0.41,666.8715,9.2,,
1945,3000,4160,0.42,806.2715,9.2,,
1945,4160,5660,0.46,1293.4715,9.2,,
1945,5660,8660,0.51,1983.4715,9.2,,
1945,8660,10000,0.56,3513.4715,9.2,,
1945,10000,13660,0.64,4263.8715,9.2,,
1945,13660,20660,0.69,6606.2715,9.2,,
1945,20660,30660,0.74,11436.2715,9.2,,
1945,30660,50660,0.79,18836.2715,9.2,,
1945,50660,70660,0.84,34636.2715,9.2,,
1945,70660,100660,0.89,51436.2715,9.2,,
1945,100660,,0.94,78136.2715,9.2,,
1946,0,660,0,0,9.4,,
1946,660,815,0.3333,0,9.4,,
1946,815,943,0.185,51.6615,9.4,,
1946,943,1160,0.29,75.3415,9.4,,
1946,1160,1660,0.32,138.2715,9.4,,
1946,1660,1800,0.36,298.2715,9.4,,
1946,1800,2660,0.37,348.6715,9.4,,
1946,2660,3000,0.41,666.8715,9.4,,
1946,3000,4160,0.42,806.2715,9.4,,
1946,4160,5660,0.46,1293.4715,9.4,,
1946,5660,8660,0.51,1983.4715,9.4,,
1946,8660,10000,0.56,3513.4715,9.4,,
1946,10000,13660,0.64,4263.8715,9.4,,
1946,13660,20660,0.69,6606.2715,9.4,,
1946,20660,30660,0.74,11436.2715,9.4,,
1946,30660,50660,0.79,18836.2715,9.4,,
1946,50660,70660,0.84,34636.2715,9.4,,
1946,70660,100660,0.89,51436.2715,9.4,,
1946,100660,,0.94,78136.2715,9.4,,
1947,0,750,0,0,10.3,,
1947,750,1000,0.225,0,10.3,,
1947,1000,2500,0.24,56.25,10.3,,
1947,2500,3500,0.255,416.25,10.3,,
1947,3500,4500,0.265,671.25,10.3,,
1947,4500,5000,0.28,936.25,10.3,,
1947,5000,6500,0.3,1076.25,10.3,,
1947,6500,8500,0.34,1526.25,10.3,,
1947,8500,10500,0.385,2206.25,10.3,,
1947,10500,11500,0.405,2976.25,10.3,,
1947,11500,13000,0.43,3381.25,10.3,,
1947,13000,14000,0.45,4026.25,10.3,,
1947,14000,17000,0.475,4476.25,10.3,,
1947,17000,18000,0.5,5901.25,10.3,,
1947,18000,25000,0.525,6401.25,10.3,,
1947,25000,30000,0.55,10076.25,10.3,,
1947,30000,50000,0.575,12826.25,10.3,,
1947,50000,70000,0.625,24326.25,10.3,,
1947,70000,75000,0.65,36826.25,10.3,,
1947,75000,100000,0.675,40076.25,10.3,,
1947,100000,150000,0.725,56951.25,10.3,,
1947,150000,250000,0.775,93201.25,10.3,,
1947,250000,,0.825,170701.25,10.3,,
1948,0,100,0.1,0,11.8,,
1948,100,200,0.12,10,11.8,,
1948,200,300,0.14,22,11.8,,
1948,300,400,0.16,36,11.8,,
1948,400,500,0.18,52,11.8,,
1948,500,3500,0.2,70,11.8,,
1948,3500,5000,0.22,670,11.8,,
1948,5000,6500,0.26,1000,11.8,,
1948,6500,8500,0.3,1390,11.8,,
1948,8500,11500,0.35,1990,11.8,,
1948,11500,14000,0.4,3040,11.8,,
1948,14000,17000,0.45,4040,11.8,,
1948,17000,25000,0.5,5390,11.8,,
1948,25000,50000,0.55,9390,11.8,,
1948,50000,75000,0.6,23140,11.8,,
1948,75000,100000,0.65,38140,11.8,,
1948,100000,150000,0.7,54390,11.8,,
1948,150000,250000,0.75,89390,11.8,,
1948,250000,,0.8,164390,11.8,,
1949,0,1000,0.15,0,12.2,,
1949,1000,2000,0.17,150,12.2,,
1949,2000,4000,0.19,320,12.2,,
1949,4000,6000,0.22,700,12.2,,
1949,6000,8000,0.26,1140,12.2,,
1949,8000,10000,0.3,1660,12.2,,
1949,10000,12000,0.35,2260,12.2,,
1949,12000,15000,0.4,2960,12.2,,
1949,15000,25000,0.45,4160,12.2,,
1949,25000,40000,0.5,8660,12.2,,
1949,40000,60000,0.55,16160,12.2,,
1949,60000,90000,0.6,27160,12.2,,
1949,90000,125000,0.65,45160,12.2,,
1949,125000,225000,0.7,67910,12.2,,
1949,225000,400000,0.75,137910,12.2,,
1949,400000,,0.8,269160,12.2,,
1950,0,750,0,0,12.5,,
1950,750,1000,0.15,0,12.5,,
1950,1000,2000,0.17,37.5,12.5,,
1950,2000,4000,0.19,207.5,12.5,,
1950,4000,6000,0.22,587.5,12.5,,
1950,6000,8000,0.26,1027.5,12.5,,
1950,8000,10000,0.3,1547.5,12.5,,
1950,10000,12000,0.35,2147.5,12.5,,
1950,12000,15000,0.4,2847.5,12.5,,
1950,15000,25000,0.45,4047.5,12.5,,
1950,25000,40000,0.5,8547.5,12.5,,
1950,40000,60000,0.55,16047.5,12.5,,
1950,60000,90000,0.6,27047.5,12.5,,
1950,90000,125000,0.65,45047.5,12.5,,
1950,125000,225000,0.7,67797.5,12.5,,
1950,225000,400000,0.75,137797.5,12.5,,
1950,400000,,0.8,269047.5,12.5,,
1951,0,1000,0,0,13.8,,
1951,1000,2000,0.17,0,13.8,,
1951,2000,4000,0.19,170,13.8,,
1951,4000,6000,0.22,550,13.8,,
1951,6000,8000,0.26,990,13.8,,
1951,8000,10000,0.3,1510,13.8,,
1951,10000,12000,0.35,2110,13.8,,
1951,12000,15000,0.4,2810,13.8,,
1951,15000,25000,0.45,4010,13.8,,
1951,25000,40000,0.5,8510,13.8,,
1951,40000,60000,0.55,16010,13.8,,
1951,60000,90000,0.6,27010,13.8,,
1951,90000,125000,0.65,45010,13.8,,
1951,125000,225000,0.7,67760,13.8,,
1951,225000,400000,0.75,137760,13.8,,
1951,400000,,0.8,269010,13.8,,
1952,0,1000,0,0,14.2,,
1952,1000,2000,0.197,0,14.2,,
1952,2000,4000,0.224,197,14.2,,
1952,4000,6000,0.257,645,14.2,,
1952,6000,8000,0.306,1159,14.2,,
1952,8000,10000,0.355,1771,14.2,,
1952,10000,12000,0.41,2481,14.2,,
1952,12000,15000,0.465,3301,14.2,,
1952,15000,25000,0.52,4696,14.2,,
1952,25000,35000,0.575,9896,14.2,,
1952,35000,40000,0.6,15646,14.2,,
1952,40000,50000,0.63,18646,14.2,,
1952,50000,60000,0.655,24946,14.2,,
1952,60000,75000,0.685,31496,14.2,,
1952,75000,90000,0.71,41771,14.2,,
1952,90000,100000,0.74,52421,14.2,,
1952,100000,125000,0.765,59821,14.2,,
1952,125000,150000,0.795,78946,14.2,,
1952,150000,225000,0.82,98821,14.2,,
1952,225000,250000,0.85,160321,14.2,,
1952,250000,400000,0.88,181571,14.2,,
1952,400000,,0.91,313571,14.2,,
1953,0,1000,0,0,14,,
1953,1000,2000,0.18,0,14,,
1953,2000,3000,0.205,180,14,,
1953,3000,4000,0.205,385,14,,
1953,4000,6000,0.235,590,14,,
1953,6000,8000,0.28,1060,14,,
1953,8000,10000,0.325,1620,14,,
1953,10000,12000,0.375,2270,14,,
1953,12000,15000,0.425,3020,14,,
1953,15000,25000,0.475,4295,14,,
1953,25000,35000,0.525,9045,14,,
1953,35000,40000,0.55,14295,14,,
1953,40000,50000,0.575,17045,14,,
1953,50000,60000,0.6,22795,14,,
1953,60000,75000,0.625,28795,14,,
1953,75000,90000,0.65,38170,14,,
1953,90000,100000,0.675,47920,14,,
1953,100000,125000,0.7,54670,14,,
1953,125000,150000,0.725,72170,14,,
1953,150000,225000,0.75,90295,14,,
1953,225000,250000,0.775,146545,14,,
1953,250000,400000,0.805,165920,14,,
1953,400000,,0.83,286670,14,,
1954,0,1000,0,0,14.1,,
1954,1000,2000,0.179,0,14.1,,
1954,2000,3000,0.2,179,14.1,,
1954,3000,4000,0.2,379,14.1,,
1954,4000,6000,0.231,579,14.1,,
1954,6000,8000,0.273,1041,14.1,,
1954,8000,10000,0.315,1587,14.1,,
1954,10000,12000,0.368,2217,14.1,,
1954,12000,15000,0.42,2953,14.1,,
1954,15000,25000,0.473,4213,14.1,,
1954,25000,40000,0.525,8943,14.1,,
1954,40000,60000,0.578,16818,14.1,,
1954,60000,90000,0.63,28378,14.1,,
1954,90000,125000,0.683,47278,14.1,,
1954,125000,225000,0.735,71183,14.1,,
1954,225000,400000,0.788,144683,14.1,,
1954,400000,,0.84,282583,14.1,,
1955,0,1000,0,0,14.1,,
1955,1000,1500,0.144,0,14.1,,
1955,1500,2000,0.17,72,14.1,,
1955,2000,3000,0.191,157,14.1,,
1955,3000,4000,0.191,348,14.1,,
1955,4000,6000,0.222,539,14.1,,
1955,6000,8000,0.264,983,14.1,,
1955,8000,10000,0.306,1511,14.1,,
1955,10000,12000,0.359,2123,14.1,,
1955,12000,15000,0.411,2841,14.1,,
1955,15000,25000,0.464,4074,14.1,,
1955,25000,40000,0.516,8714,14.1,,
1955,40000,60000,0.569,16454,14.1,,
1955,60000,90000,0.621,27834,14.1,,
1955,90000,125000,0.674,46464,14.1,,
1955,125000,225000,0.726,70054,14.1,,
1955,225000,400000,0.779,142654,14.1,,
1955,400000,,0.831,278979,14.1,,
1956,0,1000,0,0,14.3,,
1956,1000,2000,0.161,0,14.3,,
1956,2000,3000,0.182,161,14.3,,
1956,3000,4000,0.182,343,14.3,,
1956,4000,6000,0.213,525,14.3,,
1956,6000,8000,0.255,951,14.3,,
1956,8000,10000,0.297,1461,14.3,,
1956,10000,12000,0.35,2055,14.3,,
1956,12000,15000,0.402,2755,14.3,,
1956,15000,25000,0.455,3961,14.3,,
1956,25000,40000,0.507,8511,14.3,,
1956,40000,60000,0.56,16116,14.3,,
1956,60000,90000,0.612,27316,14.3,,
1956,90000,125000,0.665,45676,14.3,,
1956,125000,225000,0.717,68951,14.3,,
1956,225000,400000,0.77,140651,14.3,,
1956,400000,,0.822,275401,14.3,,
1957,0,1000,0,0,14.8,,
1957,1000,2000,0.161,0,14.8,,
1957,2000,3000,0.182,161,14.8,,
1957,3000,4000,0.182,343,14.8,,
1957,4000,6000,0.213,525,14.8,,
1957,6000,8000,0.255,951,14.8,,
1957,8000,10000,0.297,1461,14.8,,
1957,10000,12000,0.35,2055,14.8,,
1957,12000,15000,0.402,2755,14.8,,
1957,15000,25000,0.455,3961,14.8,,
1957,25000,40000,0.507,8511,14.8,,
1957,40000,60000,0.56,16116,14.8,,
1957,60000,90000,0.612,27316,14.8,,
1957,90000,125000,0.665,45676,14.8,,
1957,125000,225000,0.717,68951,14.8,,
1957,225000,400000,0.77,140651,14.8,,
1957,400000,,0.822,275401,14.8,,
1958,0,1000,0,0,15.2,,
1958,1000,2000,0.14258,0,15.2,,
1958,2000,3000,0.14819,142.58,15.2,,
1958,3000,4000,0.14819,290.77,15.2,,
1958,4000,6000,0.207,438.96,15.2,,
1958,6000,8000,0.2478,852.96,15.2,,
1958,8000,10000,0.219,1348.56,15.2,,
1958,10000,12000,0.3401,1786.56,15.2,,
1958,12000,15000,0.321,2466.76,15.2,,
1958,15000,25000,0.4421,3429.76,15.2,,
1958,25000,40000,0.4926,7850.76,15.2,,
1958,40000,60000,0.5441,15239.76,15.2,,
1958,60000,90000,0.5946,26121.76,15.2,,
1958,90000,125000,0.6461,43959.76,15.2,,
1958,125000,225000,0.6966,66573.26,15.2,,
1958,225000,400000,0.7481,136233.26,15.2,,
1958,400000,,0.7986,267150.76,15.2,,
1959,0,1000,0,0,15.3,,
1959,1000,2000,0.1478,0,15.3,,
1959,2000,3000,0.1769,147.8,15.3,,
1959,3000,4000,0.1856,324.7,15.3,,
1959,4000,6000,0.2157,510.3,15.3,,
1959,6000,8000,0.2565,941.7,15.3,,
1959,8000,10000,0.2973,1454.7,15.3,,
1959,10000,12000,0.3488,2049.3,15.3,,
1959,12000,15000,0.3993,2746.9,15.3,,
1959,15000,25000,0.4508,3944.8,15.3,,
1959,25000,40000,0.5013,8452.8,15.3,,
1959,40000,60000,0.5528,15972.3,15.3,,
1959,60000,90000,0.6033,27028.3,15.3,,
1959,90000,125000,0.6548,45127.3,15.3,,
1959,125000,225000,0.7053,68045.3,15.3,,
1959,225000,400000,0.7568,138575.3,15.3,,
1959,400000,,0.8073,271015.3,15.3,,
1960,0,1000,0,0,15.5,,
1960,1000,2000,0.1478,0,15.5,,
1960,2000,3000,0.1769,147.8,15.5,,
1960,3000,4000,0.1943,324.7,15.5,,
1960,4000,6000,0.2244,519,15.5,,
1960,6000,8000,0.2652,967.8,15.5,,
1960,8000,10000,0.306,1498.2,15.5,,
1960,10000,12000,0.3575,2110.2,15.5,,
1960,12000,15000,0.408,2825.2,15.5,,
1960,15000,25000,0.4595,4049.2,15.5,,
1960,25000,40000,0.51,8644.2,15.5,,
1960,40000,60000,0.5615,16294.2,15.5,,
1960,60000,90000,0.612,27524.2,15.5,,
1960,90000,125000,0.6635,45884.2,15.5,,
1960,125000,225000,0.714,69106.7,15.5,,
1960,225000,400000,0.7655,140506.7,15.5,,
1960,400000,,0.816,274469.2,15.5,,
1961,0,1000,0,0,15.7,,
1961,1000,2000,0.1411,0,15.7,,
1961,2000,3000,0.1799,141.1,15.7,,
1961,3000,4000,0.1973,321,15.7,,
1961,4000,6000,0.2274,518.3,15.7,,
1961,6000,8000,0.2692,973.1,15.7,,
1961,8000,10000,0.311,1511.5,15.7,,
1961,10000,12000,0.3625,2133.5,15.7,,
1961,12000,15000,0.414,2858.5,15.7,,
1961,15000,25000,0.4665,4100.5,15.7,,
1961,25000,40000,0.518,8765.5,15.7,,
1961,40000,60000,0.5695,16535.5,15.7,,
1961,60000,90000,0.621,27925.5,15.7,,
1961,90000,125000,0.6735,46555.5,15.7,,
1961,125000,225000,0.725,70128,15.7,,
1961,225000,400000,0.7765,142628,15.7,,
1961,400000,,0.828,278515.5,15.7,,
1962,0,1000,0,0,15.9,,
1962,1000,2000,0.1456,0,15.9,,
1962,2000,3000,0.1748,145.6,15.9,,
1962,3000,4000,0.1916,320.4,15.9,,
1962,4000,6000,0.2208,512,15.9,,
1962,6000,8000,0.2614,953.6,15.9,,
1962,8000,10000,0.302,1476.4,15.9,,
1962,10000,12000,0.352,2080.4,15.9,,
1962,12000,15000,0.402,2784.4,15.9,,
1962,15000,25000,0.453,3990.4,15.9,,
1962,25000,40000,0.503,8520.4,15.9,,
1962,40000,60000,0.553,16065.4,15.9,,
1962,60000,90000,0.603,27125.4,15.9,,
1962,90000,125000,0.654,45215.4,15.9,,
1962,125000,225000,0.704,68105.4,15.9,,
1962,225000,400000,0.754,138505.4,15.9,,
1962,400000,,0.804,270455.4,15.9,,
1963,0,1000,0,0,16.1,,
1963,1000,2000,0.1442,0,16.1,,
1963,2000,3000,0.1731,144.2,16.1,,
1963,3000,4000,0.1937,317.3,16.1,,
1963,4000,6000,0.2256,511,16.1,,
1963,6000,8000,0.2658,962.2,16.1,,
1963,8000,10000,0.307,1493.8,16.1,,
1963,10000,12000,0.3565,2107.8,16.1,,
1963,12000,15000,0.407,2820.8,16.1,,
1963,15000,25000,0.4565,4041.8,16.1,,
1963,25000,40000,0.506,8606.8,16.1,,
1963,40000,60000,0.5555,16196.8,16.1,,
1963,60000,90000,0.606,27306.8,16.1,,
1963,90000,125000,0.6555,45486.8,16.1,,
1963,125000,225000,0.705,68429.3,16.1,,
1963,225000,400000,0.7545,138929.3,16.1,,
1963,400000,,0.664,270966.8,16.1,,
1964,0,1000,0,0,16.4,,
1964,1000,2000,0.1386,0,16.4,,
1964,2000,3000,0.1663,138.6,16.4,,
1964,3000,4000,0.1861,304.9,16.4,,
1964,4000,6000,0.2208,491,16.4,,
1964,6000,8000,0.2594,932.6,16.4,,
1964,8000,10000,0.3,1451.4,16.4,,
1964,10000,12000,0.3485,2051.4,16.4,,
1964,12000,15000,0.397,2748.4,16.4,,
1964,15000,25000,0.4455,3939.4,16.4,,
1964,25000,40000,0.494,8394.4,16.4,,
1964,40000,60000,0.5425,15804.4,16.4,,
1964,60000,90000,0.591,26654.4,16.4,,
1964,90000,125000,0.6395,44384.4,16.4,,
1964,125000,225000,0.688,66766.9,16.4,,
1964,225000,400000,0.7365,135566.9,16.4,,
1964,400000,,0.632,264454.4,16.4,,
1965,0,1000,0,0,16.8,,
1965,1000,2000,0.1404,0,16.8,,
1965,2000,3000,0.1702,140.4,16.8,,
1965,3000,4000,0.1904,310.6,16.8,,
1965,4000,6000,0.2202,501,16.8,,
1965,6000,8000,0.2596,941.4,16.8,,
1965,8000,10000,0.3,1460.6,16.8,,
1965,10000,12000,0.35,2060.6,16.8,,
1965,12000,15000,0.4,2760.6,16.8,,
1965,15000,25000,0.45,3960.6,16.8,,
1965,25000,40000,0.5,8460.6,16.8,,
1965,40000,60000,0.55,15960.6,16.8,,
1965,60000,90000,0.6,26960.6,16.8,,
1965,90000,125000,0.65,44960.6,16.8,,
1965,125000,225000,0.7,67710.6,16.8,,
1965,225000,400000,0.75,137710.6,16.8,,
1965,400000,,0.8,268960.6,16.8,,
1966,0,1000,0,0,17.5,,
1966,1000,2000,0.1402,0,17.5,,
1966,2000,3000,0.1701,140.2,17.5,,
1966,3000,4000,0.1897,310.3,17.5,,
1966,4000,6000,0.2196,500,17.5,,
1966,6000,8000,0.2598,939.2,17.5,,
1966,8000,10000,0.3,1458.8,17.5,,
1966,10000,12000,0.3505,2058.8,17.5,,
1966,12000,15000,0.4,2759.8,17.5,,
1966,15000,25000,0.4505,3959.8,17.5,,
1966,25000,40000,0.5,8464.8,17.5,,
1966,40000,60000,0.5505,15964.8,17.5,,
1966,60000,90000,0.6,26974.8,17.5,,
1966,90000,125000,0.6505,44974.8,17.5,,
1966,125000,225000,0.7,67742.3,17.5,,
1966,225000,400000,0.7505,137742.3,17.5,,
1966,400000,,0.8,269079.8,17.5,,
1967,0,1000,0,0,18.1,,
1967,1000,2000,0.14,0,18.1,,
1967,2000,3000,0.17,140,18.1,,
1967,3000,4000,0.19,310,18.1,,
1967,4000,6000,0.22,500,18.1,,
1967,6000,8000,0.26,940,18.1,,
1967,8000,10000,0.3,1460,18.1,,
1967,10000,12000,0.35,2060,18.1,,
1967,12000,15000,0.4,2760,18.1,,
1967,15000,25000,0.45,3960,18.1,,
1967,25000,40000,0.5,8460,18.1,,
1967,40000,60000,0.55,15960,18.1,,
1967,60000,90000,0.6,26960,18.1,,
1967,90000,125000,0.65,44960,18.1,,
1967,125000,225000,0.7,67710,18.1,,
1967,225000,400000,0.75,137710,18.1,,
1967,400000,,0.8,268960,18.1,,
1968,0,1000,0,0,18.8,,
1968,1000,2000,0.2,0,18.8,,
1968,2000,3000,0.23,200,18.8,,
1968,3000,4000,0.25,430,18.8,,
1968,4000,6000,0.28,680,18.8,,
1968,6000,8000,0.32,1240,18.8,,
1968,8000,10000,0.36,1880,18.8,,
1968,10000,12000,0.41,2600,18.8,,
1968,12000,15000,0.46,3420,18.8,,
1968,15000,25000,0.51,4800,18.8,,
1968,25000,40000,0.56,9900,18.8,,
1968,40000,60000,0.61,18300,18.8,,
1968,60000,90000,0.66,30500,18.8,,
1968,90000,125000,0.71,50300,18.8,,
1968,125000,225000,0.76,75150,18.8,,
1968,225000,400000,0.81,151150,18.8,,
1968,400000,,0.86,292900,18.8,,
1969,0,1000,0,0,19.7,,
1969,1000,2000,0.2,0,19.7,,
1969,2000,3000,0.23,200,19.7,,
1969,3000,4000,0.25,430,19.7,,
1969,4000,6000,0.28,680,19.7,,
1969,6000,8000,0.32,1240,19.7,,
1969,8000,10000,0.36,1880,19.7,,
1969,10000,12000,0.41,2600,19.7,,
1969,12000,15000,0.46,3420,19.7,,
1969,15000,25000,0.51,4800,19.7,,
1969,25000,40000,0.56,9900,19.7,,
1969,40000,60000,0.61,18300,19.7,,
1969,60000,90000,0.66,30500,19.7,,
1969,90000,125000,0.71,50300,19.7,,
1969,125000,225000,0.76,75150,19.7,,
1969,225000,400000,0.81,151150,19.7,,
1969,400000,,0.86,292900,19.7,,
1970,0,1000,0,0,20.3,,
1970,1000,2000,0.2,0,20.3,,
1970,2000,3000,0.23,200,20.3,,
1970,3000,4000,0.25,430,20.3,,
1970,4000,6000,0.28,680,20.3,,
1970,6000,8000,0.32,1240,20.3,,
1970,8000,10000,0.36,1880,20.3,,
1970,10000,12000,0.41,2600,20.3,,
1970,12000,15000,0.46,3420,20.3,,
1970,15000,25000,0.51,4800,20.3,,
1970,25000,40000,0.56,9900,20.3,,
1970,40000,60000,0.61,18300,20.3,,
1970,60000,90000,0.66,30500,20.3,,
1970,90000,125000,0.71,50300,20.3,,
1970,125000,225000,0.76,75150,20.3,,
1970,225000,400000,0.81,151150,20.3,,
1970,400000,,0.86,292900,20.3,,
1971,0,1000,0,0,20.9,,
1971,1000,2000,0.21,0,20.9,,
1971,2000,3000,0.235,210,20.9,,
1971,3000,4000,0.25,445,20.9,,
1971,4000,6000,0.28,695,20.9,,
1971,6000,8000,0.32,1255,20.9,,
1971,8000,10000,0.36,1895,20.9,,
1971,10000,12000,0.41,2615,20.9,,
1971,12000,15000,0.46,3435,20.9,,
1971,15000,25000,0.51,4815,20.9,,
1971,25000,40000,0.56,9915,20.9,,
1971,40000,60000,0.61,18315,20.9,,
1971,60000,90000,0.66,30515,20.9,,
1971,90000,125000,0.71,50315,20.9,,
1971,125000,225000,0.76,75165,20.9,,
1971,225000,400000,0.81,151165,20.9,,
1971,400000,,0.86,292915,20.9,,
1972,0,1500,0,0,21.9,,
1972,1500,2000,0.239,0,21.9,,
1972,2000,3000,0.256,119.5,21.9,,
1972,3000,5000,0.273,375.5,21.9,,
1972,5000,7000,0.308,921.5,21.9,,
1972,7000,9000,0.343,1537.5,21.9,,
1972,9000,11000,0.377,2223.5,21.9,,
1972,11000,14000,0.426,2977.5,21.9,,
1972,14000,24000,0.476,4255.5,21.9,,
1972,24000,39000,0.525,9015.5,21.9,,
1972,39000,60000,0.574,16890.5,21.9,,
1972,60000,,0.623,28944.5,21.9,,
1972,,,,,21.9,,
1973,0,1500,0,0,23.6,,
1973,1500,1600,0.1,0,23.6,,
1973,1600,2000,0.2444,10,23.6,,
1973,2000,3000,0.262,107.76,23.6,,
1973,3000,5000,0.2796,369.76,23.6,,
1973,5000,7000,0.3148,928.96,23.6,,
1973,7000,9000,0.35,1558.56,23.6,,
1973,9000,11000,0.3852,2258.56,23.6,,
1973,11000,14000,0.4356,3028.96,23.6,,
1973,14000,24000,0.486,4335.76,23.6,,
1973,24000,39000,0.5364,9195.76,23.6,,
1973,39000,60000,0.5868,17241.76,23.6,,
1973,60000,,0.6372,29564.56,23.6,,
1974,0,1500,0,0,26.2,,
1974,1500,1706,0.1,0,26.2,,
1974,1706,2132,0.2444,20.6,26.2,,
1974,2132,3000,0.262,124.7144,26.2,,
1974,3000,3198,0.272,352.1304,26.2,,
1974,3198,5000,0.2796,405.9864,26.2,,
1974,5000,5330,0.2996,909.8256,26.2,,
1974,5330,7000,0.3148,1008.6936,26.2,,
1974,7000,7462,0.3348,1534.4096,26.2,,
1974,7462,9000,0.35,1689.0872,26.2,,
1974,9000,9594,0.37,2227.3872,26.2,,
1974,9594,11000,0.3852,2447.1672,26.2,,
1974,11000,11726,0.4052,2988.7584,26.2,,
1974,11726,14000,0.4356,3282.9336,26.2,,
1974,14000,18494,0.4556,4273.488,26.2,,
1974,18494,24000,0.486,6320.9544,26.2,,
1974,24000,25584,0.506,8996.8704,26.2,,
1974,25584,39000,0.5364,9798.3744,26.2,,
1974,39000,41574,0.5564,16994.7168,26.2,,
1974,41574,60000,0.5868,18426.8904,26.2,,
1974,60000,63960,0.6068,29239.2672,26.2,,
1974,63960,,0.6372,31642.1952,26.2,,
1975,0,1878,0,0,29,,
1975,1878,2000,0.109744,0,29,,
1975,2000,2348,0.269744,13.388768,29,,
1975,2348,3522,0.27552,107.25968,29,,
1975,3522,5870,0.281296,430.72016,29,,
1975,5870,8218,0.292848,1091.203168,29,,
1975,8218,9000,0.3044,1778.810272,29,,
1975,9000,10566,0.3244,2016.851072,29,,
1975,10566,11000,0.335952,2524.861472,29,,
1975,11000,11544,0.355952,2670.66464,29,,
1975,11544,12914,0.339536,2864.302528,29,,
1975,12914,14000,0.360208,3329.466848,29,,
1975,14000,16436,0.380208,3720.652736,29,,
1975,16436,22973,0.40088,4646.839424,29,,
1975,22973,24000,0.42216,7267.391984,29,,
1975,24000,28176,0.44216,7700.950304,29,,
1975,28176,39000,0.465264,9547.410464,29,,
1975,39000,45786,0.485264,14583.428,29,,
1975,45786,60000,0.508368,17876.4295,29,,
1975,60000,70440,0.528368,25102.37226,29,,
1975,70440,,0.551472,30618.53418,29,,
1976,0,2000,0,0,31.1,,
1976,2000,2090,0.16,0,31.1,,
1976,2090,2613,0.269744,14.4,31.1,,
1976,2613,3920,0.27552,155.476112,31.1,,
1976,3920,6534,0.281296,515.580752,31.1,,
1976,6534,9000,0.292848,1250.888496,31.1,,
1976,9000,9148,0.312848,1973.051664,31.1,,
1976,9148,11000,0.3244,2019.353168,31.1,,
1976,11000,11762,0.3444,2620.141968,31.1,,
1976,11762,11874,0.355952,2882.574768,31.1,,
1976,11874,14000,0.339536,2922.441392,31.1,,
1976,14000,14377,0.359536,3644.294928,31.1,,
1976,14377,18298,0.380208,3779.84,31.1,,
1976,18298,23608,0.40088,5270.635568,31.1,,
1976,23608,24000,0.42216,7399.308368,31.1,,
1976,24000,30035,0.44216,7564.795088,31.1,,
1976,30035,31367,0.46876,10233.23069,31.1,,
1976,31367,39000,0.494904,10857.61901,31.1,,
1976,39000,50972,0.514904,14635.22124,31.1,,
1976,50972,60000,0.541048,20799.65193,31.1,,
1976,60000,78420,0.561048,25684.23327,31.1,,
1976,78420,,0.587192,36018.73743,31.1,,
1977,0,2000,0,0,33.6,,
1977,2000,2838,0.16,0,33.6,,
1977,2838,4257,0.302,134.08,33.6,,
1977,4257,7095,0.3187,562.618,33.6,,
1977,7095,9000,0.3354,1467.0886,33.6,,
1977,9000,9933,0.3554,2106.0256,33.6,,
1977,9933,11819,0.3721,2437.6138,33.6,,
1977,11819,12771,0.3712,3139.3944,33.6,,
1977,12771,14000,0.386,3492.7768,33.6,,
1977,14000,15609,0.406,3967.1708,33.6,,
1977,15609,19866,0.4286,4620.4248,33.6,,
1977,19866,23659,0.4584,6444.975,33.6,,
1977,23659,24000,0.4872,8183.6862,33.6,,
1977,24000,34056,0.5072,8349.8214,33.6,,
1977,34056,39000,0.5406,13450.2246,33.6,,
1977,39000,55341,0.5606,16122.951,33.6,,
1977,55341,60000,0.5857,25283.7156,33.6,,
1977,60000,85141,0.6057,28012.4919,33.6,,
1977,85141,,0.6391,43240.3956,33.6,,
1978,0,2430,0,0,36.6,,
1978,2430,3042,0.142,0,36.6,,
1978,3042,3600,0.1503,86.904,36.6,,
1978,3600,3936,0.3203,170.7714,36.6,,
1978,3936,4563,0.3303,278.3922,36.6,,
1978,4563,5127,0.3387,485.4903,36.6,,
1978,5127,6504,0.3487,676.5171,36.6,,
1978,6504,7605,0.3587,1156.677,36.6,,
1978,7605,8095,0.3754,1551.6057,36.6,,
1978,8095,9935,0.3854,1735.5517,36.6,,
1978,9935,10647,0.3954,2444.6877,36.6,,
1978,10647,12061,0.3954,2726.2125,36.6,,
1978,12061,13689,0.4221,3285.3081,36.6,,
1978,13689,14519,0.4388,3972.4869,36.6,,
1978,14519,16558,0.4488,4336.6909,36.6,,
1978,16558,16731,0.4263,5251.7941,36.6,,
1978,16731,17360,0.4486,5325.544,36.6,,
1978,17360,20644,0.4586,5607.7134,36.6,,
1978,20644,21294,0.4686,7113.7558,36.6,,
1978,21294,24111,0.4984,7418.3458,36.6,,
1978,24111,28829,0.5372,8822.3386,36.6,,
1978,28829,33902,0.5472,11356.8482,36.6,,
1978,33902,36504,0.5906,14132.7938,36.6,,
1978,36504,46544,0.6006,15669.535,36.6,,
1978,46544,54380,0.6106,21699.559,36.6,,
1978,54380,59319,0.6206,26484.2206,36.6,,
1978,59319,60714,0.6457,29549.364,36.6,,
1978,60714,91260,0.6557,30450.1155,36.6,,
1978,91260,,0.6891,50479.1277,36.6,,
1979,0,2650,0,0,40.5,,
1979,2650,3316,0.142,0,40.5,,
1979,3316,3600,0.1503,94.572,40.5,,
1979,3600,3936,0.3203,137.2572,40.5,,
1979,3936,4974,0.3303,244.878,40.5,,
1979,4974,5127,0.3387,587.7294,40.5,,
1979,5127,6504,0.3487,639.5505,40.5,,
1979,6504,8095,0.3587,1119.7104,40.5,,
1979,8095,8290,0.3687,1690.4021,40.5,,
1979,8290,9935,0.3854,1762.2986,40.5,,
1979,9935,11606,0.3954,2396.2816,40.5,,
1979,11606,12061,0.4121,3056.995,40.5,,
1979,12061,12185,0.4221,3244.5005,40.5,,
1979,12185,14519,0.4048,3296.8409,40.5,,
1979,14519,14922,0.4048,4241.6441,40.5,,
1979,14922,17360,0.43,4404.7785,40.5,,
1979,17360,18238,0.44,5453.1185,40.5,,
1979,18238,24441,0.4628,5839.4385,40.5,,
1979,24441,24720,0.4828,8710.1869,40.5,,
1979,24720,28212,0.5132,8844.8881,40.5,,
1979,28212,28829,0.5372,10636.9825,40.5,,
1979,28829,33902,0.5472,10968.4349,40.5,,
1979,33902,39766,0.5572,13744.3805,40.5,,
1979,39766,39792,0.5672,17011.8013,40.5,,
1979,39792,54380,0.6006,17026.5485,40.5,,
1979,54380,60714,0.6206,25788.1013,40.5,,
1979,60714,99481,0.6557,29718.9817,40.5,,
1979,99481,,0.6891,55138.5036,40.5,,
1980,0,2890,0,0,44.7,,
1980,2890,3612,0.142,0,44.7,,
1980,3612,4050,0.282,102.524,44.7,,
1980,4050,5127,0.292,226.04,44.7,,
1980,5127,5418,0.3003,540.524,44.7,,
1980,5418,6504,0.3187,627.9113,44.7,,
1980,6504,8095,0.3287,974.0195,44.7,,
1980,8095,9030,0.3387,1496.9812,44.7,,
1980,9030,9935,0.3554,1813.6657,44.7,,
1980,9935,12061,0.3654,2135.3027,44.7,,
1980,12061,12388,0.3754,2912.1431,44.7,,
1980,12388,12642,0.3596,3034.8989,44.7,,
1980,12642,14519,0.3748,3126.2373,44.7,,
1980,14519,16254,0.3848,3829.7369,44.7,,
1980,16254,17360,0.4,4497.3649,44.7,,
1980,17360,19866,0.41,4939.7649,44.7,,
1980,19866,20644,0.4328,5967.2249,44.7,,
1980,20644,24441,0.4428,6303.9433,44.7,,
1980,24441,25284,0.4528,7985.2549,44.7,,
1980,25284,25376,0.4832,8366.9653,44.7,,
1980,25376,28829,0.5072,8411.4197,44.7,,
1980,28829,33902,0.5172,10162.7813,44.7,,
1980,33902,39766,0.5272,12786.5369,44.7,,
1980,39766,43344,0.5372,15878.0377,44.7,,
1980,43344,46544,0.5706,17800.1393,44.7,,
1980,46544,54380,0.5806,19626.0593,44.7,,
1980,54380,60714,0.5906,24175.6409,44.7,,
1980,60714,70434,0.6006,27916.5013,44.7,,
1980,70434,108360,0.6257,33754.3333,44.7,,
1980,108360,,0.6591,57484.6315,44.7,,
1981,0,3170,0,0,50.2,,
1981,3170,4350,0.1503,0,50.2,,
1981,4350,6504,0.3003,177.354,50.2,,
1981,6504,8095,0.3287,824.2002,50.2,,
1981,8095,9915,0.3387,1347.1619,50.2,,
1981,9915,9935,0.3554,1963.5959,50.2,,
1981,9935,13881,0.3654,1970.7039,50.2,,
1981,13881,14519,0.3921,3412.5723,50.2,,
1981,14519,17360,0.4021,3662.7321,50.2,,
1981,17360,17847,0.4121,4805.0982,50.2,,
1981,17847,20644,0.4288,5005.7909,50.2,,
1981,20644,21813,0.4388,6205.1445,50.2,,
1981,21813,24441,0.4638,6718.1017,50.2,,
1981,24441,27762,0.4738,7936.9681,50.2,,
1981,27762,28829,0.5072,9510.4579,50.2,,
1981,28829,33902,0.5172,10051.6403,50.2,,
1981,33902,39766,0.5272,12675.3959,50.2,,
1981,39766,46544,0.5372,15766.8967,50.2,,
1981,46544,47592,0.5472,19408.0383,50.2,,
1981,47592,54380,0.5806,19981.5039,50.2,,
1981,54380,60714,0.5906,23922.6167,50.2,,
1981,60714,77337,0.6006,27663.4771,50.2,,
1981,77337,118980,0.6257,37647.2509,50.2,,
1981,118980,,0.6591,63703.276,50.2,,
1982,0,3560,0,0,56,,
1982,3560,4680,0.14195,0,56,,
1982,4680,6504,0.30195,158.984,56,,
1982,6504,6672,0.3203,709.7408,56,,
1982,6672,8095,0.32865,763.5512,56,,
1982,8095,9935,0.33865,1231.22015,56,,
1982,9935,11120,0.34865,1854.33615,56,,
1982,11120,12061,0.35865,2267.4864,56,,
1982,12061,14519,0.367,2604.97605,56,,
1982,14519,15568,0.377,3507.06205,56,,
1982,15568,17360,0.387,3902.53505,56,,
1982,17360,20644,0.41205,4596.03905,56,,
1982,20644,20016,0.42205,5949.21125,56,,
1982,20016,24441,0.43875,5684.16385,56,,
1982,24441,28829,0.44875,7625.6326,56,,
1982,28829,31136,0.45875,9594.7476,56,,
1982,31136,33902,0.46875,10653.08385,56,,
1982,33902,39766,0.5105,11949.64635,56,,
1982,39766,46544,0.5205,14943.21835,56,,
1982,46544,53376,0.5305,18471.16735,56,,
1982,53376,54380,0.5405,22095.54335,56,,
1982,54380,60714,0.5505,22638.20535,56,,
1982,60714,,0.5839,26125.07235,56,,
1983,0,3770,0,0,59.1,,
1983,3770,5030,0.15,0,59.1,,
1983,5030,6504,0.31,189,59.1,,
1983,6504,7074,0.32,645.94,59.1,,
1983,7074,8095,0.329,828.34,59.1,,
1983,8095,9935,0.339,1164.249,59.1,,
1983,9935,11790,0.349,1788.009,59.1,,
1983,11790,12061,0.357,2435.404,59.1,,
1983,12061,14519,0.367,2532.151,59.1,,
1983,14519,16507,0.377,3434.237,59.1,,
1983,16507,17360,0.402,4183.713,59.1,,
1983,17360,20644,0.412,4526.619,59.1,,
1983,20644,21223,0.422,5879.627,59.1,,
1983,21223,24441,0.439,6123.965,59.1,,
1983,24441,28829,0.449,7536.667,59.1,,
1983,28829,33012,0.459,9506.879,59.1,,
1983,33012,33902,0.459,11426.876,59.1,,
1983,33902,39766,0.511,11835.386,59.1,,
1983,39766,46544,0.521,14831.89,59.1,,
1983,46544,54380,0.531,18363.228,59.1,,
1983,54380,56592,0.541,22524.144,59.1,,
1983,56592,60714,0.574,23720.836,59.1,,
1983,60714,,0.584,26086.864,59.1,,
1984,0,3960,0,0,61.5,,
1984,3960,5280,0.14195,0,61.5,,
1984,5280,6504,0.30195,187.374,61.5,,
1984,6504,7428,0.3203,556.9608,61.5,,
1984,7428,8095,0.32865,852.918,61.5,,
1984,8095,9935,0.33865,1072.12755,61.5,,
1984,9935,12061,0.34865,1695.24355,61.5,,
1984,12061,12380,0.35865,2436.47345,61.5,,
1984,12380,14519,0.367,2550.8828,61.5,,
1984,14519,17360,0.377,3335.8958,61.5,,
1984,17360,17332,0.387,4406.9528,61.5,,
1984,17332,20644,0.41205,4396.1168,61.5,,
1984,20644,22284,0.42205,5760.8264,61.5,,
1984,22284,24441,0.43875,6452.9884,61.5,,
1984,24441,28829,0.44875,7399.37215,61.5,,
1984,28829,33902,0.45875,9368.48715,61.5,,
1984,33902,34664,0.46875,11695.7259,61.5,,
1984,34664,39766,0.5105,12052.9134,61.5,,
1984,39766,46544,0.5205,14657.4844,61.5,,
1984,46544,54380,0.5305,18185.4334,61.5,,
1984,54380,60714,0.5405,22342.4314,61.5,,
1984,60714,59424,0.5505,25765.9584,61.5,,
1984,59424,,0.5839,25055.8134,61.5,,
1985,0,4140,0,0,64.2,,
1985,4140,5280,0.14195,0,64.2,,
1985,5280,6504,0.30195,161.823,64.2,,
1985,6504,7770,0.3203,531.4098,64.2,,
1985,7770,8095,0.32865,936.9096,64.2,,
1985,8095,9935,0.33865,1043.72085,64.2,,
1985,9935,12061,0.34865,1666.83685,64.2,,
1985,12061,12950,0.35865,2408.06675,64.2,,
1985,12950,14519,0.367,2726.9066,64.2,,
1985,14519,17360,0.377,3302.7296,64.2,,
1985,17360,18130,0.387,4373.7866,64.2,,
1985,18130,20644,0.41205,4671.7766,64.2,,
1985,20644,23310,0.42205,5707.6703,64.2,,
1985,23310,24441,0.43875,6832.8556,64.2,,
1985,24441,28829,0.44875,7329.08185,64.2,,
1985,28829,33902,0.45875,9298.19685,64.2,,
1985,33902,36260,0.46875,11625.4356,64.2,,
1985,36260,39766,0.5105,12730.7481,64.2,,
1985,39766,46544,0.5205,14520.5611,64.2,,
1985,46544,54380,0.5305,18048.5101,64.2,,
1985,54380,60714,0.5405,22205.5081,64.2,,
1985,60714,62160,0.5505,25629.0351,64.2,,
1985,62160,,0.5839,26425.0581,64.2,,
1986,0,4180,0,0,67.3,,
1986,4180,5280,0.1336,0,67.3,,
1986,5280,6504,0.2936,146.96,67.3,,
1986,6504,7832,0.3203,506.3264,67.3,,
1986,7832,8095,0.32865,931.6848,67.3,,
1986,8095,9935,0.33865,1018.11975,67.3,,
1986,9935,12061,0.34865,1641.23575,67.3,,
1986,12061,13054,0.35865,2382.46565,67.3,,
1986,13054,14519,0.367,2738.6051,67.3,,
1986,14519,18275,0.377,3276.2601,67.3,,
1986,18275,18820,0.40205,4692.2721,67.3,,
1986,18820,26347,0.42875,4911.38935,67.3,,
1986,26347,36550,0.43875,8138.5906,67.3,,
1986,36550,61608,0.4905,12615.15685,67.3,,
1986,61608,62657,0.5005,24906.10585,67.3,,
1986,62657,,0.5339,25431.13035,67.3,,
1987,0,4220,0,0,70.2,,
1987,4220,5280,0.1336,0,70.2,,
1987,5280,6504,0.2936,141.616,70.2,,
1987,6504,7918,0.3203,500.9824,70.2,,
1987,7918,8095,0.32865,953.8866,70.2,,
1987,8095,9935,0.33865,1012.05765,70.2,,
1987,9935,12061,0.34865,1635.17365,70.2,,
1987,12061,13197,0.35865,2376.40355,70.2,,
1987,13197,14519,0.367,2783.82995,70.2,,
1987,14519,18476,0.377,3269.00395,70.2,,
1987,18476,18820,0.40205,4760.79295,70.2,,
1987,18820,26347,0.42875,4899.09815,70.2,,
1987,26347,36952,0.43875,8126.2994,70.2,,
1987,36952,61608,0.4905,12779.24315,70.2,,
1987,61608,63347,0.5005,24873.01115,70.2,,
1987,63347,,0.5339,25743.38065,70.2,,
1988,0,5280,0,0,72.8,,
1988,5280,6000,0.16,0,72.8,,
1988,6000,7000,0.30195,115.2,72.8,,
1988,7000,14000,0.33695,417.15,72.8,,
1988,14000,23000,0.35695,2775.8,72.8,,
1988,23000,27500,0.38695,5988.35,72.8,,
1988,27500,50000,0.4621,7729.625,72.8,,
1988,50000,55000,0.4771,18126.875,72.8,,
1988,55000,,0.50215,20512.375,72.8,,
1989,0,5280,0,0,75.9,,
1989,5280,6066,0.16,0,75.9,,
1989,6066,7000,0.30195,125.76,75.9,,
1989,7000,14000,0.33195,407.7813,75.9,,
1989,14000,23000,0.35195,2731.4313,75.9,,
1989,23000,27803,0.37195,5898.9813,75.9,,
1989,27803,55605,0.4571,7685.45715,75.9,,
1989,55605,,0.48215,20393.75135,75.9,,
1990,0,5280,0,0,79.2,,
1990,5280,6169,0.16,0,79.2,,
1990,6169,7000,0.30195,142.24,79.2,,
1990,7000,14000,0.33195,393.16045,79.2,,
1990,14000,23000,0.35195,2716.81045,79.2,,
1990,23000,28275,0.37195,5884.36045,79.2,,
1990,28275,50000,0.4471,7846.3967,79.2,,
1990,50000,56550,0.47215,17559.6442,79.2,,
1990,56550,,0.48215,20652.2267,79.2,,
1991,0,5530,0,0,85,,
1991,5530,6280,0.16,0,85,,
1991,6280,7000,0.30195,120,85,,
1991,7000,14000,0.33195,337.404,85,,
1991,14000,23000,0.35195,2661.054,85,,
1991,23000,28784,0.37195,5828.604,85,,
1991,28784,50000,0.4471,7979.9628,85,,
1991,50000,57568,0.47215,17465.6364,85,,
1991,57568,,0.48215,21038.8676,85,,
1992,0,5780,0,0,86.6,,
1992,5780,6456,0.16,0,86.6,,
1992,6456,7000,0.30195,108.16,86.6,,
1992,7000,14000,0.33195,272.4208,86.6,,
1992,14000,23000,0.35195,2596.0708,86.6,,
1992,23000,29590,0.37195,5763.6208,86.6,,
1992,29590,50000,0.4471,8214.7713,86.6,,
1992,50000,59180,0.47215,17340.0823,86.6,,
1992,59180,,0.48215,21674.4193,86.6,,
1993,0,5900,0,0,87.7,,
1993,5900,6456,0.16,0,87.7,,
1993,6456,7000,0.30195,88.96,87.7,,
1993,7000,14000,0.33195,253.2208,87.7,,
1993,14000,23000,0.35195,2576.8708,87.7,,
1993,23000,29590,0.37195,5744.4208,87.7,,
1993,29590,50000,0.4471,8195.5713,87.7,,
1993,50000,59180,0.47215,17320.8823,87.7,,
1993,59180,,0.48215,21655.2193,87.7,,
1994,0,5900,0,0,86.6,,
1994,5900,6456,0.16,0,86.6,,
1994,6456,7000,0.30195,88.96,86.6,,
1994,7000,14000,0.33195,253.2208,86.6,,
1994,14000,23000,0.35195,2576.8708,86.6,,
1994,23000,29590,0.37195,5744.4208,86.6,,
1994,29590,50000,0.4471,8195.5713,86.6,,
1994,50000,59180,0.47215,17320.8823,86.6,,
1994,59180,,0.48215,21655.2193,86.6,,
1995,0,5900,0,0,88.1,,
1995,5900,6456,0.16,0,88.1,,
1995,6456,7000,0.30195,88.96,88.1,,
1995,7000,14000,0.33195,253.2208,88.1,,
1995,14000,23000,0.35195,2576.8708,88.1,,
1995,23000,29590,0.37195,5744.4208,88.1,,
1995,29590,50000,0.4471,8195.5713,88.1,,
1995,50000,59180,0.47215,17320.8823,88.1,,
1995,59180,,0.48215,21655.2193,88.1,,
1996,0,5900,0,0,89.5,,
1996,5900,6456,0.16,0,89.5,,
1996,6456,7000,0.30195,88.96,89.5,,
1996,7000,14000,0.33195,253.2208,89.5,,
1996,14000,23000,0.35195,2576.8708,89.5,,
1996,23000,29590,0.37195,5744.4208,89.5,,
1996,29590,50000,0.4471,8195.5713,89.5,,
1996,50000,59180,0.47215,17320.8823,89.5,,
1996,59180,,0.48215,21655.2193,89.5,,
1997,0,5900,0,0,90.8,,
1997,5900,6456,0.16,0,90.8,,
1997,6456,7000,0.30195,88.96,90.8,,
1997,7000,14000,0.33195,253.2208,90.8,,
1997,14000,23000,0.35195,2576.8708,90.8,,
1997,23000,29590,0.37195,5744.4208,90.8,,
1997,29590,50000,0.4471,8195.5713,90.8,,
1997,50000,59180,0.47215,17320.8823,90.8,,
1997,59180,,0.48215,21655.2193,90.8,,
1998,0,5900,0,0,92.1,,
1998,5900,6456,0.2,0,92.1,,
1998,6456,25000,0.34195,111.2,92.1,,
1998,25000,29590,0.37195,6452.3208,92.1,,
1998,29590,50000,0.4471,8159.5713,92.1,,
1998,50000,59180,0.4771,17284.8823,92.1,,
1998,59180,,0.50215,21664.6603,92.1,,
1999,0,5900,0,0,93.5,,
1999,5900,6794,0.2,0,93.5,,
1999,6794,25000,0.34195,178.8,93.5,,
1999,25000,29590,0.37195,6404.3417,93.5,,
1999,29590,50000,0.4471,8111.5922,93.5,,
1999,50000,59180,0.4771,17236.9032,93.5,,
1999,59180,,0.50215,21616.6812,93.5,,
2000,0,5900,0,0,95.8,,
2000,5900,7231,0.19,0,95.8,,
2000,7231,26000,0.33195,252.89,95.8,,
2000,26000,30004,0.36695,6483.25955,95.8,,
2000,30004,52000,0.43375,7952.52735,95.8,,
2000,52000,60009,0.45875,17493.29235,95.8,,
2000,60009,,0.49215,21167.4211,95.8,,
2001,0,5900,0,0,98,,
2001,5900,7412,0.17,0,98,,
2001,7412,26000,0.3036,257.04,98,,
2001,26000,30754,0.3461,5900.3568,98,,
2001,30754,52000,0.3962,7545.7162,98,,
2001,52000,61509,0.4287,15963.3814,98,,
2001,61509,100000,0.4621,20039.8897,98,,
2001,100000,,0.48715,37826.5808,98,,
2002,0,6060,0,0,100,,
2002,6060,7634,0.16,0,100,,
2002,7634,26700,0.2936,251.84,100,,
2002,26700,31677,0.3336,5849.6176,100,,
2002,31677,53405,0.3837,7509.9448,100,,
2002,53405,63354,0.4237,15846.9784,100,,
2002,63354,103000,0.4571,20062.3697,100,,
2002,103000,,0.48215,38184.5563,100,,
2003,0,6150,0,0,102.5,,
2003,6150,7556,0.16,0,102.5,,
2003,7556,27095,0.2936,224.96,102.5,,
2003,27095,32183,0.3336,5961.6104,102.5,,
2003,32183,54195,0.3837,7658.9672,102.5,,
2003,54195,64368,0.4237,16104.9716,102.5,,
2003,64368,104648,0.4571,20415.2717,102.5,,
2003,104648,,0.48215,38827.2597,102.5,,
2004,0,6275,0,0,104.5,,
2004,6275,8012,0.16,0,104.5,,
2004,8012,27635,0.2936,277.92,104.5,,
2004,27635,35000,0.3336,6039.2328,104.5,,
2004,35000,55280,0.3837,8496.1968,104.5,,
2004,55280,70000,0.4237,16277.6328,104.5,,
2004,70000,113804,0.4571,22514.4968,104.5,,
2004,113804,,0.48215,42537.3052,104.5,,
2005,0,6365,0,0,106.9,,
2005,6365,8648,0.16,0,106.9,,
2005,8648,28030,0.2873375,365.28,106.9,,
2005,28030,35595,0.3273375,5934.455425,106.9,,
2005,35595,56070,0.3837,8410.763613,106.9,,
2005,56070,71190,0.4237,16267.02111,106.9,,
2005,71190,115739,0.4571,22673.36511,106.9,,
2005,115739,,0.48215,43036.71301,106.9,,
2006,0,6456,0,0,108.7,,
2006,6456,8839,0.16,0,108.7,,
2006,8839,28710,0.28525,381.28,108.7,,
2006,28710,36378,0.32525,6049.48275,108.7,,
2006,36378,57430,0.3837,8543.49975,108.7,,
2006,57430,72756,0.4237,16621.15215,108.7,,
2006,72756,118285,0.4571,23114.77835,108.7,,
2006,118285,,0.48215,43926.08425,108.7,,
2007,0,6650,0,0,110.4,,
2007,6650,9600,0.16,0,110.4,,
2007,9600,29290,0.28525,472,110.4,,
2007,29290,37178,0.32525,6088.5725,110.4,,
2007,37178,58595,0.32525,8654.1445,110.4,,
2007,58595,74357,0.3837,15620.02375,110.4,,
2007,74357,120887,0.4571,21667.90315,110.4,,
2007,120887,,0.48215,42936.76615,110.4,,
2008,0,9600,0,0,112.7,,
2008,9600,10215,0.12525,0,112.7,,
2008,10215,37500,0.28525,77.02875,112.7,,
2008,37500,37885,0.32525,7860.075,112.7,,
2008,37885,75000,0.3837,7985.29625,112.7,,
2008,75000,75769,0.4237,22226.32175,112.7,,
2008,75769,123184,0.4571,22552.14705,112.7,,
2008,123184,,0.48215,44225.54355,112.7,,
2009,0,10320,0,0,113.4,,
2009,10320,10455,0.12525,0,113.4,,
2009,10455,38385,0.28525,16.90875,113.4,,
2009,38385,40726,0.32525,7983.94125,113.4,,
2009,40726,76770,0.3837,8745.3515,113.4,,
2009,76770,81452,0.4237,22575.4343,113.4,,
2009,81452,126264,0.4571,24559.1977,113.4,,
2009,126264,,0.48215,45042.7629,113.4,,
2010,0,10382,0,0,114.8,,
2010,10382,10505,0.12525,0,114.8,,
2010,10505,38570,0.28525,15.40575,114.8,,
2010,38570,40970,0.32525,8020.947,114.8,,
2010,40970,77140,0.3837,8801.547,114.8,,
2010,77140,81941,0.4237,22679.976,114.8,,
2010,81941,127021,0.4571,24714.1597,114.8,,
2010,127021,,0.48215,45320.2277,114.8,,
2011,0,10527,0,0,118.3,,
2011,10527,10640,0.12525,0,118.3,,
2011,10640,39060,0.28525,14.15325,118.3,,
2011,39060,41544,0.32525,8120.95825,118.3,,
2011,41544,78120,0.3837,8928.87925,118.3,,
2011,78120,83088,0.4237,22963.09045,118.3,,
2011,83088,128800,0.4571,25068.03205,118.3,,
2011,128800,,0.48215,45962.98725,118.3,,
2012,0,10822,,0,120.8,,
2012,10822,10925,0.12525,0,120.8,,
2012,10925,40100,0.28525,12.90075,120.8,,
2012,40100,42707,0.32525,8335.0695,120.8,,
2012,42707,80200,0.3837,9182.99625,120.8,,
2012,80200,85414,0.4237,23569.06035,120.8,,
2012,85414,132406,0.4571,25778.23215,120.8,,
2012,132406,,0.48215,47258.27535,120.8,,
2013,0,11038,,0,121.7,,
2013,11038,11195,0.12525,0,121.7,,
2013,11195,41095,0.28525,19.66425,121.7,,
2013,41095,43561,0.32525,8548.63925,121.7,,
2013,43561,82100,0.3837,9350.70575,121.7,,
2013,82100,87123,0.4237,24138.12005,121.7,,
2013,87123,100000,0.4571,26266.36515,121.7,,
2013,100000,135054,0.4746,32152.44185,121.7,,
2013,135054,,0.49965,48789.07025,121.7,,
2014,0,11138,,0,123.4,,
2014,11138,11305,0.12525,0,123.4,,
2014,11305,41495,0.28525,20.91675,123.4,,
2014,41495,43953,0.32525,8632.61425,123.4,,
2014,43953,82985,0.3837,9432.07875,123.4,,
2014,82985,87907,0.4237,24408.65715,123.4,,
2014,87907,100970,0.4571,26494.10855,123.4,,
2014,100970,136270,0.4751,32465.20585,123.4,,
2014,136270,,0.50015,49236.23585,123.4,,
2015,0,11327,,0,124.7,,
2015,11327,11425,0.12525,0,124.7,,
2015,11425,41935,0.28525,12.2745,124.7,,
2015,41935,44701,0.32525,8715.252,124.7,,
2015,44701,83365,0.3837,9614.8935,124.7,,
2015,83365,89401,0.4237,24450.2703,124.7,,
2015,89401,102040,0.4571,27007.7235,124.7,,
2015,102040,138586,0.4751,32785.0104,124.7,,
2015,138586,,0.50015,50148.015,124.7,,
2016,0,11474,0,0,125.6,,
2016,11474,11635,0.12525,0,125.6,,
2016,11635,42390,0.28525,20.16525,125.6,,
2016,42390,45282,0.32525,8793.029,125.6,,
2016,45282,84780,0.371175,9733.652,125.6,,
2016,84780,90563,0.411175,24394.32215,125.6,,
2016,90563,103150,0.4571,26772.14718,125.6,,
2016,103150,140388,0.4751,32525.66488,125.6,,
2016,140388,200000,0.50015,50217.43868,125.6,,
2016,200000,,0.53355,80032.38048,125.6,,
2017,0,11635,0,0,126.9,,
2017,11635,14890,0.12525,0,126.9,,
2017,14890,42705,0.27525,407.68875,126.9,,
2017,42705,45916,0.32525,8063.7675,126.9,,
2017,45916,85405,0.371175,9108.14525,126.9,,
2017,85405,91831,0.411175,23765.47483,126.9,,
2017,91831,103915,0.4571,26407.68538,126.9,,
2017,103915,142353,0.4746,31931.28178,126.9,,
2017,142353,202800,0.49965,50173.95658,126.9,,
2017,202800,,0.53305,80376.30013,126.9,,
2018,0,11809,0,0,129,,
2018,11809,15012,0.12525,0,129,,
2018,15012,43055,0.27525,401.17575,129,,
2018,43055,46605,0.32525,8120.0115,129,,
2018,46605,86105,0.371175,9274.649,129,,
2018,86105,93208,0.411175,23936.0615,129,,
2018,93208,104765,0.4571,26856.63753,129,,
2018,104765,144489,0.4746,32139.34223,129,,
2018,144489,205842,0.49965,50992.35263,129,,
2018,205842,,0.53305,81647.37908,129,,
2019,0,12069,0,0,131.7,,
2019,12069,15269,0.12525,0,131.7,,
2019,15269,43790,0.27525,400.8,131.7,,
2019,43790,47630,0.371175,8251.20525,131.7,,
2019,47630,87575,0.371175,9676.51725,131.7,,
2019,87575,95259,0.411175,24503.10263,131.7,,
2019,95259,106555,0.4571,27662.57133,131.7,,
2019,106555,147667,0.4746,32825.97293,131.7,,
2019,147667,210371,0.49965,52337.72813,131.7,,
2019,210371,,0.53305,83667.78173,131.7,,
2020,0,13229,0,0,132.8,,
2020,13229,15532,0.12525,0,132.8,,
2020,15532,44545,0.27525,288.45075,132.8,,
2020,44545,48535,0.32525,8274.279,132.8,,
2020,48535,89080,0.371175,9572.0265,132.8,,
2020,89080,97069,0.411175,24621.31688,132.8,,
2020,97069,108390,0.4571,27906.19395,132.8,,
2020,108390,150473,0.4746,33081.02305,132.8,,
2020,150473,214368,0.49965,53053.61485,132.8,,
2020,214368,,0.53305,84978.7516,132.8,,
,,,,,,,
