year,combineRevenuMoins,combineRevenuPlus,combineTaux,montantImpot,inflation,combineRevenuMoinsAjuste,combineRevenuPlusAjuste
1929,0,2000,0.02,0,9.2,0.00,28869.57
1929,2000,3000,0.03,40,9.2,28869.57,43304.35
1929,3000,4000,0.04,70,9.2,43304.35,57739.13
1929,4000,5000,0.05,110,9.2,57739.13,72173.91
1929,5000,6000,0.06,160,9.2,72173.91,86608.70
1929,6000,7000,0.07,220,9.2,86608.70,101043.48
1929,7000,8000,0.08,290,9.2,101043.48,115478.26
1929,8000,9000,0.09,370,9.2,115478.26,129913.04
1929,9000,10000,0.1,460,9.2,129913.04,144347.83
1929,10000,11000,0.11,560,9.2,144347.83,158782.61
1929,11000,12000,0.12,670,9.2,158782.61,173217.39
1929,12000,13000,0.13,790,9.2,173217.39,187652.17
1929,13000,14000,0.14,920,9.2,187652.17,202086.96
1929,14000,15000,0.15,1060,9.2,202086.96,216521.74
1929,15000,16000,0.16,1210,9.2,216521.74,230956.52
1929,16000,17000,0.17,1370,9.2,230956.52,245391.30
1929,17000,18000,0.18,1540,9.2,245391.30,259826.09
1929,18000,19000,0.19,1720,9.2,259826.09,274260.87
1929,19000,20000,0.2,1910,9.2,274260.87,288695.65
1929,20000,25000,0.21,2110,9.2,288695.65,360869.57
1929,25000,30000,0.22,3160,9.2,360869.57,433043.48
1929,30000,35000,0.23,4260,9.2,433043.48,505217.39
1929,35000,40000,0.24,5410,9.2,505217.39,577391.30
1929,40000,45000,0.25,6610,9.2,577391.30,649565.22
1929,45000,50000,0.26,7860,9.2,649565.22,721739.13
1929,50000,55000,0.27,9160,9.2,721739.13,793913.04
1929,55000,60000,0.28,10510,9.2,793913.04,866086.96
1929,60000,65000,0.29,11910,9.2,866086.96,938260.87
1929,65000,70000,0.3,13360,9.2,938260.87,1010434.78
1929,70000,75000,0.31,14860,9.2,1010434.78,1082608.70
1929,75000,80000,0.32,16410,9.2,1082608.70,1154782.61
1929,80000,85000,0.33,18010,9.2,1154782.61,1226956.52
1929,85000,90000,0.34,19660,9.2,1226956.52,1299130.43
1929,90000,95000,0.35,21360,9.2,1299130.43,1371304.35
1929,95000,100000,0.36,23110,9.2,1371304.35,1443478.26
1929,100000,110000,0.37,24910,9.2,1443478.26,1587826.09
1929,110000,120000,0.38,28610,9.2,1587826.09,1732173.91
1929,120000,130000,0.39,32410,9.2,1732173.91,1876521.74
1929,130000,140000,0.4,36310,9.2,1876521.74,2020869.57
1929,140000,150000,0.41,40310,9.2,2020869.57,2165217.39
1929,150000,175000,0.42,44410,9.2,2165217.39,2526086.96
1929,175000,200000,0.43,54910,9.2,2526086.96,2886956.52
1929,200000,250000,0.44,65660,9.2,2886956.52,3608695.65
1929,250000,300000,0.45,87660,9.2,3608695.65,4330434.78
1929,300000,350000,0.46,110160,9.2,4330434.78,5052173.91
1929,350000,400000,0.47,133160,9.2,5052173.91,5773913.04
1929,400000,450000,0.48,156660,9.2,5773913.04,6495652.17
1929,450000,500000,0.49,180660,9.2,6495652.17,7217391.30
1929,500000,,0.5,205160,9.2,7217391.30,0.00
1930,0,2000,0.02,0,9.1,0.00,29186.81
1930,2000,3000,0.03,40,9.1,29186.81,43780.22
1930,3000,4000,0.04,70,9.1,43780.22,58373.63
1930,4000,5000,0.05,110,9.1,58373.63,72967.03
1930,5000,6000,0.06,160,9.1,72967.03,87560.44
1930,6000,7000,0.07,220,9.1,87560.44,102153.85
1930,7000,8000,0.08,290,9.1,102153.85,116747.25
1930,8000,9000,0.09,370,9.1,116747.25,131340.66
1930,9000,10000,0.1,460,9.1,131340.66,145934.07
1930,10000,11000,0.11,560,9.1,145934.07,160527.47
1930,11000,12000,0.12,670,9.1,160527.47,175120.88
1930,12000,13000,0.13,790,9.1,175120.88,189714.29
1930,13000,14000,0.14,920,9.1,189714.29,204307.69
1930,14000,15000,0.15,1060,9.1,204307.69,218901.10
1930,15000,16000,0.16,1210,9.1,218901.10,233494.51
1930,16000,17000,0.17,1370,9.1,233494.51,248087.91
1930,17000,18000,0.18,1540,9.1,248087.91,262681.32
1930,18000,19000,0.19,1720,9.1,262681.32,277274.73
1930,19000,20000,0.2,1910,9.1,277274.73,291868.13
1930,20000,25000,0.21,2110,9.1,291868.13,364835.16
1930,25000,30000,0.22,3160,9.1,364835.16,437802.20
1930,30000,35000,0.23,4260,9.1,437802.20,510769.23
1930,35000,40000,0.24,5410,9.1,510769.23,583736.26
1930,40000,45000,0.25,6610,9.1,583736.26,656703.30
1930,45000,50000,0.26,7860,9.1,656703.30,729670.33
1930,50000,55000,0.27,9160,9.1,729670.33,802637.36
1930,55000,60000,0.28,10510,9.1,802637.36,875604.40
1930,60000,65000,0.29,11910,9.1,875604.40,948571.43
1930,65000,70000,0.3,13360,9.1,948571.43,1021538.46
1930,70000,75000,0.31,14860,9.1,1021538.46,1094505.49
1930,75000,80000,0.32,16410,9.1,1094505.49,1167472.53
1930,80000,85000,0.33,18010,9.1,1167472.53,1240439.56
1930,85000,90000,0.34,19660,9.1,1240439.56,1313406.59
1930,90000,95000,0.35,21360,9.1,1313406.59,1386373.63
1930,95000,100000,0.36,23110,9.1,1386373.63,1459340.66
1930,100000,110000,0.37,24910,9.1,1459340.66,1605274.73
1930,110000,120000,0.38,28610,9.1,1605274.73,1751208.79
1930,120000,130000,0.39,32410,9.1,1751208.79,1897142.86
1930,130000,140000,0.4,36310,9.1,1897142.86,2043076.92
1930,140000,150000,0.41,40310,9.1,2043076.92,2189010.99
1930,150000,175000,0.42,44410,9.1,2189010.99,2553846.15
1930,175000,200000,0.43,54910,9.1,2553846.15,2918681.32
1930,200000,250000,0.44,65660,9.1,2918681.32,3648351.65
1930,250000,300000,0.45,87660,9.1,3648351.65,4378021.98
1930,300000,350000,0.46,110160,9.1,4378021.98,5107692.31
1930,350000,400000,0.47,133160,9.1,5107692.31,5837362.64
1930,400000,450000,0.48,156660,9.1,5837362.64,6567032.97
1930,450000,500000,0.49,180660,9.1,6567032.97,7296703.30
1930,500000,,0.5,205160,9.1,7296703.30,0.00
1931,0,2000,0.02,0,8.2,0.00,32390.24
1931,2000,3000,0.03,40,8.2,32390.24,48585.37
1931,3000,4000,0.04,70,8.2,48585.37,64780.49
1931,4000,5000,0.05,110,8.2,64780.49,80975.61
1931,5000,6000,0.06,160,8.2,80975.61,97170.73
1931,6000,7000,0.07,220,8.2,97170.73,113365.85
1931,7000,8000,0.08,290,8.2,113365.85,129560.98
1931,8000,9000,0.09,370,8.2,129560.98,145756.10
1931,9000,10000,0.1,460,8.2,145756.10,161951.22
1931,10000,11000,0.11,560,8.2,161951.22,178146.34
1931,11000,12000,0.12,670,8.2,178146.34,194341.46
1931,12000,13000,0.13,790,8.2,194341.46,210536.59
1931,13000,14000,0.14,920,8.2,210536.59,226731.71
1931,14000,15000,0.15,1060,8.2,226731.71,242926.83
1931,15000,16000,0.16,1210,8.2,242926.83,259121.95
1931,16000,17000,0.17,1370,8.2,259121.95,275317.07
1931,17000,18000,0.18,1540,8.2,275317.07,291512.20
1931,18000,19000,0.19,1720,8.2,291512.20,307707.32
1931,19000,20000,0.2,1910,8.2,307707.32,323902.44
1931,20000,25000,0.21,2110,8.2,323902.44,404878.05
1931,25000,30000,0.22,3160,8.2,404878.05,485853.66
1931,30000,35000,0.23,4260,8.2,485853.66,566829.27
1931,35000,40000,0.24,5410,8.2,566829.27,647804.88
1931,40000,45000,0.25,6610,8.2,647804.88,728780.49
1931,45000,50000,0.26,7860,8.2,728780.49,809756.10
1931,50000,55000,0.27,9160,8.2,809756.10,890731.71
1931,55000,60000,0.28,10510,8.2,890731.71,971707.32
1931,60000,65000,0.29,11910,8.2,971707.32,1052682.93
1931,65000,70000,0.3,13360,8.2,1052682.93,1133658.54
1931,70000,75000,0.31,14860,8.2,1133658.54,1214634.15
1931,75000,80000,0.32,16410,8.2,1214634.15,1295609.76
1931,80000,85000,0.33,18010,8.2,1295609.76,1376585.37
1931,85000,90000,0.34,19660,8.2,1376585.37,1457560.98
1931,90000,95000,0.35,21360,8.2,1457560.98,1538536.59
1931,95000,100000,0.36,23110,8.2,1538536.59,1619512.20
1931,100000,110000,0.37,24910,8.2,1619512.20,1781463.41
1931,110000,120000,0.38,28610,8.2,1781463.41,1943414.63
1931,120000,130000,0.39,32410,8.2,1943414.63,2105365.85
1931,130000,140000,0.4,36310,8.2,2105365.85,2267317.07
1931,140000,150000,0.41,40310,8.2,2267317.07,2429268.29
1931,150000,175000,0.42,44410,8.2,2429268.29,2834146.34
1931,175000,200000,0.43,54910,8.2,2834146.34,3239024.39
1931,200000,250000,0.44,65660,8.2,3239024.39,4048780.49
1931,250000,300000,0.45,87660,8.2,4048780.49,4858536.59
1931,300000,350000,0.46,110160,8.2,4858536.59,5668292.68
1931,350000,400000,0.47,133160,8.2,5668292.68,6478048.78
1931,400000,450000,0.48,156660,8.2,6478048.78,7287804.88
1931,450000,500000,0.49,180660,8.2,7287804.88,8097560.98
1931,500000,,0.5,205160,8.2,8097560.98,0.00
1932,0,2000,0.02,0,7.5,0.00,35413.33
1932,2000,3000,0.03,40,7.5,35413.33,53120.00
1932,3000,4000,0.04,70,7.5,53120.00,70826.67
1932,4000,5000,0.05,110,7.5,70826.67,88533.33
1932,5000,6000,0.06,160,7.5,88533.33,106240.00
1932,6000,7000,0.07,220,7.5,106240.00,123946.67
1932,7000,8000,0.08,290,7.5,123946.67,141653.33
1932,8000,9000,0.09,370,7.5,141653.33,159360.00
1932,9000,10000,0.1,460,7.5,159360.00,177066.67
1932,10000,11000,0.11,560,7.5,177066.67,194773.33
1932,11000,12000,0.12,670,7.5,194773.33,212480.00
1932,12000,13000,0.13,790,7.5,212480.00,230186.67
1932,13000,14000,0.14,920,7.5,230186.67,247893.33
1932,14000,15000,0.15,1060,7.5,247893.33,265600.00
1932,15000,16000,0.16,1210,7.5,265600.00,283306.67
1932,16000,17000,0.17,1370,7.5,283306.67,301013.33
1932,17000,18000,0.18,1540,7.5,301013.33,318720.00
1932,18000,19000,0.19,1720,7.5,318720.00,336426.67
1932,19000,20000,0.2,1910,7.5,336426.67,354133.33
1932,20000,25000,0.21,2110,7.5,354133.33,442666.67
1932,25000,30000,0.22,3160,7.5,442666.67,531200.00
1932,30000,35000,0.23,4260,7.5,531200.00,619733.33
1932,35000,40000,0.24,5410,7.5,619733.33,708266.67
1932,40000,45000,0.25,6610,7.5,708266.67,796800.00
1932,45000,50000,0.26,7860,7.5,796800.00,885333.33
1932,50000,55000,0.27,9160,7.5,885333.33,973866.67
1932,55000,60000,0.28,10510,7.5,973866.67,1062400.00
1932,60000,65000,0.29,11910,7.5,1062400.00,1150933.33
1932,65000,70000,0.3,13360,7.5,1150933.33,1239466.67
1932,70000,75000,0.31,14860,7.5,1239466.67,1328000.00
1932,75000,80000,0.32,16410,7.5,1328000.00,1416533.33
1932,80000,85000,0.33,18010,7.5,1416533.33,1505066.67
1932,85000,90000,0.34,19660,7.5,1505066.67,1593600.00
1932,90000,95000,0.35,21360,7.5,1593600.00,1682133.33
1932,95000,100000,0.36,23110,7.5,1682133.33,1770666.67
1932,10000,110000,0.37,24910,7.5,177066.67,1947733.33
1932,110000,120000,0.38,61910,7.5,1947733.33,2124800.00
1932,120000,130000,0.39,65710,7.5,2124800.00,2301866.67
1932,130000,140000,0.4,69610,7.5,2301866.67,2478933.33
1932,140000,150000,0.41,73610,7.5,2478933.33,2656000.00
1932,150000,175000,0.42,77710,7.5,2656000.00,3098666.67
1932,175000,200000,0.43,88210,7.5,3098666.67,3541333.33
1932,200000,250000,0.44,98960,7.5,3541333.33,4426666.67
1932,250000,300000,0.45,120960,7.5,4426666.67,5312000.00
1932,300000,350000,0.46,143460,7.5,5312000.00,6197333.33
1932,350000,400000,0.47,166460,7.5,6197333.33,7082666.67
1932,400000,450000,0.48,189960,7.5,7082666.67,7968000.00
1932,450000,500000,0.49,213960,7.5,7968000.00,8853333.33
1932,500000,,0.5,238460,7.5,8853333.33,0.00
1933,0,1000,0.03,0,7.1,0.00,18704.23
1933,1000,2000,0.04,30,7.1,18704.23,37408.45
1933,2000,3000,0.05,70,7.1,37408.45,56112.68
1933,3000,4000,0.06,120,7.1,56112.68,74816.90
1933,4000,5000,0.12,180,7.1,74816.90,93521.13
1933,5000,6000,0.13,300,7.1,93521.13,112225.35
1933,6000,7000,0.14,430,7.1,112225.35,130929.58
1933,7000,8000,0.15,570,7.1,130929.58,149633.80
1933,8000,9000,0.16,720,7.1,149633.80,168338.03
1933,9000,10000,0.17,880,7.1,168338.03,187042.25
1933,10000,11000,0.18,1050,7.1,187042.25,205746.48
1933,11000,12000,0.19,1230,7.1,205746.48,224450.70
1933,12000,13000,0.2,1420,7.1,224450.70,243154.93
1933,13000,14000,0.21,1620,7.1,243154.93,261859.15
1933,14000,15000,0.22,1830,7.1,261859.15,280563.38
1933,15000,16000,0.23,2050,7.1,280563.38,299267.61
1933,16000,17000,0.24,2280,7.1,299267.61,317971.83
1933,17000,18000,0.25,2520,7.1,317971.83,336676.06
1933,18000,19000,0.26,2770,7.1,336676.06,355380.28
1933,19000,20000,0.27,3030,7.1,355380.28,374084.51
1933,20000,25000,0.28,3300,7.1,374084.51,467605.63
1933,25000,30000,0.29,4700,7.1,467605.63,561126.76
1933,30000,35000,0.3,6150,7.1,561126.76,654647.89
1933,35000,40000,0.31,7650,7.1,654647.89,748169.01
1933,40000,45000,0.32,9200,7.1,748169.01,841690.14
1933,45000,50000,0.33,10800,7.1,841690.14,935211.27
1933,50000,55000,0.34,12450,7.1,935211.27,1028732.39
1933,55000,60000,0.35,14150,7.1,1028732.39,1122253.52
1933,60000,65000,0.36,15900,7.1,1122253.52,1215774.65
1933,65000,70000,0.37,17700,7.1,1215774.65,1309295.77
1933,70000,75000,0.38,19550,7.1,1309295.77,1402816.90
1933,75000,80000,0.39,21450,7.1,1402816.90,1496338.03
1933,80000,85000,0.4,23400,7.1,1496338.03,1589859.15
1933,85000,90000,0.41,25400,7.1,1589859.15,1683380.28
1933,90000,95000,0.42,27450,7.1,1683380.28,1776901.41
1933,95000,100000,0.43,29550,7.1,1776901.41,1870422.54
1933,100000,110000,0.44,31700,7.1,1870422.54,2057464.79
1933,110000,120000,0.45,36100,7.1,2057464.79,2244507.04
1933,120000,130000,0.46,40600,7.1,2244507.04,2431549.30
1933,130000,140000,0.47,45200,7.1,2431549.30,2618591.55
1933,140000,150000,0.48,49900,7.1,2618591.55,2805633.80
1933,150000,175000,0.49,54700,7.1,2805633.80,3273239.44
1933,175000,200000,0.5,66950,7.1,3273239.44,3740845.07
1933,200000,225000,0.51,79450,7.1,3740845.07,4208450.70
1933,225000,250000,0.52,92200,7.1,4208450.70,4676056.34
1933,250000,275000,0.53,105200,7.1,4676056.34,5143661.97
1933,275000,300000,0.54,118450,7.1,5143661.97,5611267.61
1933,300000,325000,0.55,131950,7.1,5611267.61,6078873.24
1933,325000,350000,0.56,145700,7.1,6078873.24,6546478.87
1933,350000,375000,0.57,159700,7.1,6546478.87,7014084.51
1933,375000,400000,0.58,173950,7.1,7014084.51,7481690.14
1933,400000,450000,0.59,188450,7.1,7481690.14,8416901.41
1933,450000,500000,0.6,217950,7.1,8416901.41,9352112.68
1933,500000,,0.61,247950,7.1,9352112.68,0.00
1934,0,1000,0.03,0,7.2,0.00,18444.44
1934,1000,2000,0.04,30,7.2,18444.44,36888.89
1934,2000,3000,0.05,70,7.2,36888.89,55333.33
1934,3000,4000,0.06,120,7.2,55333.33,73777.78
1934,4000,5000,0.12,180,7.2,73777.78,92222.22
1934,5000,6000,0.13,300,7.2,92222.22,110666.67
1934,6000,7000,0.14,430,7.2,110666.67,129111.11
1934,7000,8000,0.15,570,7.2,129111.11,147555.56
1934,8000,9000,0.16,720,7.2,147555.56,166000.00
1934,9000,10000,0.17,880,7.2,166000.00,184444.44
1934,10000,11000,0.18,1050,7.2,184444.44,202888.89
1934,11000,12000,0.19,1230,7.2,202888.89,221333.33
1934,12000,13000,0.2,1420,7.2,221333.33,239777.78
1934,13000,14000,0.21,1620,7.2,239777.78,258222.22
1934,14000,15000,0.22,1830,7.2,258222.22,276666.67
1934,15000,16000,0.23,2050,7.2,276666.67,295111.11
1934,16000,17000,0.24,2280,7.2,295111.11,313555.56
1934,17000,18000,0.25,2520,7.2,313555.56,332000.00
1934,18000,19000,0.26,2770,7.2,332000.00,350444.44
1934,19000,20000,0.27,3030,7.2,350444.44,368888.89
1934,20000,25000,0.28,3300,7.2,368888.89,461111.11
1934,25000,30000,0.29,4700,7.2,461111.11,553333.33
1934,30000,35000,0.3,6150,7.2,553333.33,645555.56
1934,35000,40000,0.31,7650,7.2,645555.56,737777.78
1934,40000,45000,0.32,9200,7.2,737777.78,830000.00
1934,45000,50000,0.33,10800,7.2,830000.00,922222.22
1934,50000,55000,0.34,12450,7.2,922222.22,1014444.44
1934,55000,60000,0.35,14150,7.2,1014444.44,1106666.67
1934,60000,65000,0.36,15900,7.2,1106666.67,1198888.89
1934,65000,70000,0.37,17700,7.2,1198888.89,1291111.11
1934,70000,75000,0.38,19550,7.2,1291111.11,1383333.33
1934,75000,80000,0.39,21450,7.2,1383333.33,1475555.56
1934,80000,85000,0.4,23400,7.2,1475555.56,1567777.78
1934,85000,90000,0.41,25400,7.2,1567777.78,1660000.00
1934,90000,95000,0.42,27450,7.2,1660000.00,1752222.22
1934,95000,100000,0.43,29550,7.2,1752222.22,1844444.44
1934,100000,110000,0.44,31700,7.2,1844444.44,2028888.89
1934,110000,120000,0.45,36100,7.2,2028888.89,2213333.33
1934,120000,130000,0.46,40600,7.2,2213333.33,2397777.78
1934,130000,140000,0.47,45200,7.2,2397777.78,2582222.22
1934,140000,150000,0.48,49900,7.2,2582222.22,2766666.67
1934,150000,175000,0.49,54700,7.2,2766666.67,3227777.78
1934,175000,200000,0.5,66950,7.2,3227777.78,3688888.89
1934,200000,225000,0.51,79450,7.2,3688888.89,4150000.00
1934,225000,250000,0.52,92200,7.2,4150000.00,4611111.11
1934,250000,275000,0.53,105200,7.2,4611111.11,5072222.22
1934,275000,300000,0.54,118450,7.2,5072222.22,5533333.33
1934,300000,325000,0.55,131950,7.2,5533333.33,5994444.44
1934,325000,350000,0.56,145700,7.2,5994444.44,6455555.56
1934,350000,375000,0.57,159700,7.2,6455555.56,6916666.67
1934,375000,400000,0.58,173950,7.2,6916666.67,7377777.78
1934,400000,450000,0.59,188450,7.2,7377777.78,8300000.00
1934,450000,500000,0.6,217950,7.2,8300000.00,9222222.22
1934,500000,,0.61,247950,7.2,9222222.22,0.00
1935,0,1000,0.03,0,7.3,0.00,18191.78
1935,1000,2000,0.04,30,7.3,18191.78,36383.56
1935,2000,3000,0.05,70,7.3,36383.56,54575.34
1935,3000,4000,0.06,120,7.3,54575.34,72767.12
1935,4000,5000,0.12,180,7.3,72767.12,90958.90
1935,5000,6000,0.13,300,7.3,90958.90,109150.68
1935,6000,7000,0.14,430,7.3,109150.68,127342.47
1935,7000,8000,0.15,570,7.3,127342.47,145534.25
1935,8000,9000,0.16,720,7.3,145534.25,163726.03
1935,9000,10000,0.17,880,7.3,163726.03,181917.81
1935,10000,11000,0.18,1050,7.3,181917.81,200109.59
1935,11000,12000,0.19,1230,7.3,200109.59,218301.37
1935,12000,13000,0.2,1420,7.3,218301.37,236493.15
1935,13000,14000,0.21,1620,7.3,236493.15,254684.93
1935,14000,15000,0.22,1830,7.3,254684.93,272876.71
1935,15000,16000,0.23,2050,7.3,272876.71,291068.49
1935,16000,17000,0.24,2280,7.3,291068.49,309260.27
1935,17000,18000,0.25,2520,7.3,309260.27,327452.05
1935,18000,19000,0.26,2770,7.3,327452.05,345643.84
1935,19000,20000,0.27,3030,7.3,345643.84,363835.62
1935,20000,25000,0.28,3300,7.3,363835.62,454794.52
1935,25000,30000,0.29,4700,7.3,454794.52,545753.42
1935,30000,35000,0.3,6150,7.3,545753.42,636712.33
1935,35000,40000,0.31,7650,7.3,636712.33,727671.23
1935,40000,45000,0.32,9200,7.3,727671.23,818630.14
1935,45000,50000,0.33,10800,7.3,818630.14,909589.04
1935,50000,55000,0.34,12450,7.3,909589.04,1000547.95
1935,55000,60000,0.35,14150,7.3,1000547.95,1091506.85
1935,60000,65000,0.36,15900,7.3,1091506.85,1182465.75
1935,65000,70000,0.37,17700,7.3,1182465.75,1273424.66
1935,70000,75000,0.38,19550,7.3,1273424.66,1364383.56
1935,75000,80000,0.39,21450,7.3,1364383.56,1455342.47
1935,80000,85000,0.4,23400,7.3,1455342.47,1546301.37
1935,85000,90000,0.41,25400,7.3,1546301.37,1637260.27
1935,90000,95000,0.42,27450,7.3,1637260.27,1728219.18
1935,95000,100000,0.43,29550,7.3,1728219.18,1819178.08
1935,100000,110000,0.44,31700,7.3,1819178.08,2001095.89
1935,110000,120000,0.45,36100,7.3,2001095.89,2183013.70
1935,120000,130000,0.46,40600,7.3,2183013.70,2364931.51
1935,130000,140000,0.47,45200,7.3,2364931.51,2546849.32
1935,140000,150000,0.48,49900,7.3,2546849.32,2728767.12
1935,150000,175000,0.49,54700,7.3,2728767.12,3183561.64
1935,175000,200000,0.5,66950,7.3,3183561.64,3638356.16
1935,200000,225000,0.51,79450,7.3,3638356.16,4093150.68
1935,225000,250000,0.52,92200,7.3,4093150.68,4547945.21
1935,250000,275000,0.53,105200,7.3,4547945.21,5002739.73
1935,275000,300000,0.54,118450,7.3,5002739.73,5457534.25
1935,300000,325000,0.55,131950,7.3,5457534.25,5912328.77
1935,325000,350000,0.56,145700,7.3,5912328.77,6367123.29
1935,350000,375000,0.57,159700,7.3,6367123.29,6821917.81
1935,375000,400000,0.58,173950,7.3,6821917.81,7276712.33
1935,400000,450000,0.59,188450,7.3,7276712.33,8186301.37
1935,450000,500000,0.6,217950,7.3,8186301.37,9095890.41
1935,500000,,0.61,247950,7.3,9095890.41,0.00
1936,0,1000,0,0,7.4,0.00,17945.95
1936,1000,2000,0,0,7.4,17945.95,35891.89
1936,2000,3000,0.05,0,7.4,35891.89,53837.84
1936,3000,4000,0.06,50,7.4,53837.84,71783.78
1936,4000,5000,0.12,110,7.4,71783.78,89729.73
1936,5000,6000,0.13,230,7.4,89729.73,107675.68
1936,6000,7000,0.14,360,7.4,107675.68,125621.62
1936,7000,8000,0.15,500,7.4,125621.62,143567.57
1936,8000,9000,0.16,650,7.4,143567.57,161513.51
1936,9000,10000,0.17,810,7.4,161513.51,179459.46
1936,10000,11000,0.18,980,7.4,179459.46,197405.41
1936,11000,12000,0.19,1160,7.4,197405.41,215351.35
1936,12000,13000,0.2,1350,7.4,215351.35,233297.30
1936,13000,14000,0.21,1550,7.4,233297.30,251243.24
1936,14000,15000,0.22,1760,7.4,251243.24,269189.19
1936,15000,16000,0.23,1980,7.4,269189.19,287135.14
1936,16000,17000,0.24,2210,7.4,287135.14,305081.08
1936,17000,18000,0.25,2450,7.4,305081.08,323027.03
1936,18000,19000,0.26,2700,7.4,323027.03,340972.97
1936,19000,20000,0.27,2960,7.4,340972.97,358918.92
1936,20000,25000,0.28,3230,7.4,358918.92,448648.65
1936,25000,30000,0.29,4630,7.4,448648.65,538378.38
1936,30000,35000,0.3,6080,7.4,538378.38,628108.11
1936,35000,40000,0.31,7580,7.4,628108.11,717837.84
1936,40000,45000,0.32,9130,7.4,717837.84,807567.57
1936,45000,50000,0.33,10730,7.4,807567.57,897297.30
1936,50000,55000,0.34,12380,7.4,897297.30,987027.03
1936,55000,60000,0.35,14080,7.4,987027.03,1076756.76
1936,60000,65000,0.36,15830,7.4,1076756.76,1166486.49
1936,65000,70000,0.37,17630,7.4,1166486.49,1256216.22
1936,70000,75000,0.38,19480,7.4,1256216.22,1345945.95
1936,75000,80000,0.39,21380,7.4,1345945.95,1435675.68
1936,80000,85000,0.4,23330,7.4,1435675.68,1525405.41
1936,85000,90000,0.41,25330,7.4,1525405.41,1615135.14
1936,90000,95000,0.42,27380,7.4,1615135.14,1704864.86
1936,95000,100000,0.43,29480,7.4,1704864.86,1794594.59
1936,100000,110000,0.44,31630,7.4,1794594.59,1974054.05
1936,110000,120000,0.45,36030,7.4,1974054.05,2153513.51
1936,120000,130000,0.46,40530,7.4,2153513.51,2332972.97
1936,130000,140000,0.47,45130,7.4,2332972.97,2512432.43
1936,140000,150000,0.48,49830,7.4,2512432.43,2691891.89
1936,150000,175000,0.49,54630,7.4,2691891.89,3140540.54
1936,175000,200000,0.5,66880,7.4,3140540.54,3589189.19
1936,200000,225000,0.51,79380,7.4,3589189.19,4037837.84
1936,225000,250000,0.52,92130,7.4,4037837.84,4486486.49
1936,250000,275000,0.53,105130,7.4,4486486.49,4935135.14
1936,275000,300000,0.54,118380,7.4,4935135.14,5383783.78
1936,300000,325000,0.55,131880,7.4,5383783.78,5832432.43
1936,325000,350000,0.56,145630,7.4,5832432.43,6281081.08
1936,350000,375000,0.57,159630,7.4,6281081.08,6729729.73
1936,375000,400000,0.58,173880,7.4,6729729.73,7178378.38
1936,400000,450000,0.59,188380,7.4,7178378.38,8075675.68
1936,450000,500000,0.6,217880,7.4,8075675.68,8972972.97
1936,500000,,0.61,247880,7.4,8972972.97,0.00
1937,0,1000,0.03,0,7.7,0.00,17246.75
1937,1000,2000,0.04,30,7.7,17246.75,34493.51
1937,2000,3000,0.05,70,7.7,34493.51,51740.26
1937,3000,4000,0.06,120,7.7,51740.26,68987.01
1937,4000,5000,0.12,180,7.7,68987.01,86233.77
1937,5000,6000,0.13,300,7.7,86233.77,103480.52
1937,6000,7000,0.14,430,7.7,103480.52,120727.27
1937,7000,8000,0.15,570,7.7,120727.27,137974.03
1937,8000,9000,0.16,720,7.7,137974.03,155220.78
1937,9000,10000,0.17,880,7.7,155220.78,172467.53
1937,10000,11000,0.18,1050,7.7,172467.53,189714.29
1937,11000,12000,0.19,1230,7.7,189714.29,206961.04
1937,12000,13000,0.2,1420,7.7,206961.04,224207.79
1937,13000,14000,0.21,1620,7.7,224207.79,241454.55
1937,14000,15000,0.22,1830,7.7,241454.55,258701.30
1937,15000,16000,0.23,2050,7.7,258701.30,275948.05
1937,16000,17000,0.24,2280,7.7,275948.05,293194.81
1937,17000,18000,0.25,2520,7.7,293194.81,310441.56
1937,18000,19000,0.26,2770,7.7,310441.56,327688.31
1937,19000,20000,0.27,3030,7.7,327688.31,344935.06
1937,20000,25000,0.28,3300,7.7,344935.06,431168.83
1937,25000,30000,0.29,4700,7.7,431168.83,517402.60
1937,30000,35000,0.3,6150,7.7,517402.60,603636.36
1937,35000,40000,0.31,7650,7.7,603636.36,689870.13
1937,40000,45000,0.32,9200,7.7,689870.13,776103.90
1937,45000,50000,0.33,10800,7.7,776103.90,862337.66
1937,50000,55000,0.34,12450,7.7,862337.66,948571.43
1937,55000,60000,0.35,14150,7.7,948571.43,1034805.19
1937,60000,65000,0.36,15900,7.7,1034805.19,1121038.96
1937,65000,70000,0.37,17700,7.7,1121038.96,1207272.73
1937,70000,75000,0.38,19550,7.7,1207272.73,1293506.49
1937,75000,80000,0.39,21450,7.7,1293506.49,1379740.26
1937,80000,85000,0.4,23400,7.7,1379740.26,1465974.03
1937,85000,90000,0.41,25400,7.7,1465974.03,1552207.79
1937,90000,95000,0.42,27450,7.7,1552207.79,1638441.56
1937,95000,100000,0.43,29550,7.7,1638441.56,1724675.32
1937,100000,110000,0.44,31700,7.7,1724675.32,1897142.86
1937,110000,120000,0.45,36100,7.7,1897142.86,2069610.39
1937,120000,130000,0.46,40600,7.7,2069610.39,2242077.92
1937,130000,140000,0.47,45200,7.7,2242077.92,2414545.45
1937,140000,150000,0.48,49900,7.7,2414545.45,2587012.99
1937,150000,175000,0.49,54700,7.7,2587012.99,3018181.82
1937,175000,200000,0.5,66950,7.7,3018181.82,3449350.65
1937,200000,225000,0.51,79450,7.7,3449350.65,3880519.48
1937,225000,250000,0.52,92200,7.7,3880519.48,4311688.31
1937,250000,275000,0.53,105200,7.7,4311688.31,4742857.14
1937,275000,300000,0.54,118450,7.7,4742857.14,5174025.97
1937,300000,325000,0.55,131950,7.7,5174025.97,5605194.81
1937,325000,350000,0.56,145700,7.7,5605194.81,6036363.64
1937,350000,375000,0.57,159700,7.7,6036363.64,6467532.47
1937,375000,400000,0.58,173950,7.7,6467532.47,6898701.30
1937,400000,450000,0.59,188450,7.7,6898701.30,7761038.96
1937,450000,500000,0.6,217950,7.7,7761038.96,8623376.62
1937,500000,,0.61,247950,7.7,8623376.62,0.00
1938,0,500,0.3,0,7.7,0.00,8623.38
1938,500,1000,0.33,150,7.7,8623.38,17246.75
1938,1000,2000,0.37,315,7.7,17246.75,34493.51
1938,2000,3500,0.41,685,7.7,34493.51,60363.64
1938,3500,5000,0.45,1300,7.7,60363.64,86233.77
1938,5000,8000,0.5,1975,7.7,86233.77,137974.03
1938,8000,13000,0.55,3475,7.7,137974.03,224207.79
1938,13000,20000,0.6,6225,7.7,224207.79,344935.06
1938,20000,30000,0.65,10425,7.7,344935.06,517402.60
1938,30000,50000,0.7,16925,7.7,517402.60,862337.66
1938,50000,70000,0.75,30925,7.7,862337.66,1207272.73
1938,70000,100000,0.8,45925,7.7,1207272.73,1724675.32
1938,100000,,0.85,69925,7.7,1724675.32,0.00
1939,0,500,0.3,0,7.7,0.00,8623.38
1939,500,1000,0.33,150,7.7,8623.38,17246.75
1939,1000,2000,0.37,315,7.7,17246.75,34493.51
1939,2000,3500,0.41,685,7.7,34493.51,60363.64
1939,3500,5000,0.45,1300,7.7,60363.64,86233.77
1939,5000,8000,0.5,1975,7.7,86233.77,137974.03
1939,8000,13000,0.55,3475,7.7,137974.03,224207.79
1939,13000,20000,0.6,6225,7.7,224207.79,344935.06
1939,20000,30000,0.65,10425,7.7,344935.06,517402.60
1939,30000,50000,0.7,16925,7.7,517402.60,862337.66
1939,50000,70000,0.75,30925,7.7,862337.66,1207272.73
1939,70000,100000,0.8,45925,7.7,1207272.73,1724675.32
1939,100000,,0.85,69925,7.7,1724675.32,0.00
1940,0,500,0.3,0,8,0.00,8300.00
1940,500,1000,0.33,150,8,8300.00,16600.00
1940,1000,2000,0.37,315,8,16600.00,33200.00
1940,2000,3500,0.41,685,8,33200.00,58100.00
1940,3500,5000,0.45,1300,8,58100.00,83000.00
1940,5000,8000,0.5,1975,8,83000.00,132800.00
1940,8000,13000,0.55,3475,8,132800.00,215800.00
1940,13000,20000,0.6,6225,8,215800.00,332000.00
1940,20000,30000,0.65,10425,8,332000.00,498000.00
1940,30000,50000,0.7,16925,8,498000.00,830000.00
1940,50000,70000,0.75,30925,8,830000.00,1162000.00
1940,70000,100000,0.8,45925,8,1162000.00,1660000.00
1940,100000,,0.85,69925,8,1660000.00,0.00
1941,0,500,0.3,0,8.5,0.00,7811.76
1941,500,1000,0.33,150,8.5,7811.76,15623.53
1941,1000,2000,0.37,315,8.5,15623.53,31247.06
1941,2000,3500,0.41,685,8.5,31247.06,54682.35
1941,3500,5000,0.45,1300,8.5,54682.35,78117.65
1941,5000,8000,0.5,1975,8.5,78117.65,124988.24
1941,8000,13000,0.55,3475,8.5,124988.24,203105.88
1941,13000,20000,0.6,6225,8.5,203105.88,312470.59
1941,20000,30000,0.65,10425,8.5,312470.59,468705.88
1941,30000,50000,0.7,16925,8.5,468705.88,781176.47
1941,50000,70000,0.75,30925,8.5,781176.47,1093647.06
1941,70000,100000,0.8,45925,8.5,1093647.06,1562352.94
1941,100000,,0.85,69925,8.5,1562352.94,0.00
1942,0,500,0.3,0,8.8,0.00,7545.45
1942,500,1000,0.33,150,8.8,7545.45,15090.91
1942,1000,2000,0.37,315,8.8,15090.91,30181.82
1942,2000,3500,0.41,685,8.8,30181.82,52818.18
1942,3500,5000,0.45,1300,8.8,52818.18,75454.55
1942,5000,8000,0.5,1975,8.8,75454.55,120727.27
1942,8000,13000,0.55,3475,8.8,120727.27,196181.82
1942,13000,20000,0.6,6225,8.8,196181.82,301818.18
1942,20000,30000,0.65,10425,8.8,301818.18,452727.27
1942,30000,50000,0.7,16925,8.8,452727.27,754545.45
1942,50000,70000,0.75,30925,8.8,754545.45,1056363.64
1942,70000,100000,0.8,45925,8.8,1056363.64,1509090.91
1942,100000,,0.85,69925,8.8,1509090.91,0.00
1943,0,660,0,0,9,0.00,9738.67
1943,660,1000,0.33,0,9,9738.67,14755.56
1943,1000,2000,0.37,112.2,9,14755.56,29511.11
1943,2000,3500,0.41,482.2,9,29511.11,51644.44
1943,3500,5000,0.45,1097.2,9,51644.44,73777.78
1943,5000,8000,0.5,1772.2,9,73777.78,118044.44
1943,8000,13000,0.55,3272.2,9,118044.44,191822.22
1943,13000,20000,0.6,6022.2,9,191822.22,295111.11
1943,20000,30000,0.65,10222.2,9,295111.11,442666.67
1943,30000,50000,0.7,16722.2,9,442666.67,737777.78
1943,50000,70000,0.75,30722.2,9,737777.78,1032888.89
1943,70000,100000,0.8,45722.2,9,1032888.89,1475555.56
1943,100000,,0.85,69722.2,9,1475555.56,0.00
1944,0,660,0,0,9.1,0.00,9631.65
1944,660,1000,0.33,0,9.1,9631.65,14593.41
1944,1000,2000,0.37,112.2,9.1,14593.41,29186.81
1944,2000,3500,0.41,482.2,9.1,29186.81,51076.92
1944,3500,5000,0.45,1097.2,9.1,51076.92,72967.03
1944,5000,8000,0.5,1772.2,9.1,72967.03,116747.25
1944,8000,13000,0.55,3272.2,9.1,116747.25,189714.29
1944,13000,20000,0.6,6022.2,9.1,189714.29,291868.13
1944,20000,30000,0.65,10222.2,9.1,291868.13,437802.20
1944,30000,50000,0.7,16722.2,9.1,437802.20,729670.33
1944,50000,70000,0.75,30722.2,9.1,729670.33,1021538.46
1944,70000,100000,0.8,45722.2,9.1,1021538.46,1459340.66
1944,100000,,0.85,69722.2,9.1,1459340.66,0.00
1945,0,660,0,0,9.2,0.00,9526.96
1945,660,815,0.3333,0,9.2,9526.96,11764.35
1945,815,943,0.185,51.6615,9.2,11764.35,13612.00
1945,943,1160,0.29,75.3415,9.2,13612.00,16744.35
1945,1160,1660,0.32,138.2715,9.2,16744.35,23961.74
1945,1660,1800,0.36,298.2715,9.2,23961.74,25982.61
1945,1800,2660,0.37,348.6715,9.2,25982.61,38396.52
1945,2660,3000,0.41,666.8715,9.2,38396.52,43304.35
1945,3000,4160,0.42,806.2715,9.2,43304.35,60048.70
1945,4160,5660,0.46,1293.4715,9.2,60048.70,81700.87
1945,5660,8660,0.51,1983.4715,9.2,81700.87,125005.22
1945,8660,10000,0.56,3513.4715,9.2,125005.22,144347.83
1945,10000,13660,0.64,4263.8715,9.2,144347.83,197179.13
1945,13660,20660,0.69,6606.2715,9.2,197179.13,298222.61
1945,20660,30660,0.74,11436.2715,9.2,298222.61,442570.43
1945,30660,50660,0.79,18836.2715,9.2,442570.43,731266.09
1945,50660,70660,0.84,34636.2715,9.2,731266.09,1019961.74
1945,70660,100660,0.89,51436.2715,9.2,1019961.74,1453005.22
1945,100660,,0.94,78136.2715,9.2,1453005.22,0.00
1946,0,660,0,0,9.4,0.00,9324.26
1946,660,815,0.3333,0,9.4,9324.26,11514.04
1946,815,943,0.185,51.6615,9.4,11514.04,13322.38
1946,943,1160,0.29,75.3415,9.4,13322.38,16388.09
1946,1160,1660,0.32,138.2715,9.4,16388.09,23451.91
1946,1660,1800,0.36,298.2715,9.4,23451.91,25429.79
1946,1800,2660,0.37,348.6715,9.4,25429.79,37579.57
1946,2660,3000,0.41,666.8715,9.4,37579.57,42382.98
1946,3000,4160,0.42,806.2715,9.4,42382.98,58771.06
1946,4160,5660,0.46,1293.4715,9.4,58771.06,79962.55
1946,5660,8660,0.51,1983.4715,9.4,79962.55,122345.53
1946,8660,10000,0.56,3513.4715,9.4,122345.53,141276.60
1946,10000,13660,0.64,4263.8715,9.4,141276.60,192983.83
1946,13660,20660,0.69,6606.2715,9.4,192983.83,291877.45
1946,20660,30660,0.74,11436.2715,9.4,291877.45,433154.04
1946,30660,50660,0.79,18836.2715,9.4,433154.04,715707.23
1946,50660,70660,0.84,34636.2715,9.4,715707.23,998260.43
1946,70660,100660,0.89,51436.2715,9.4,998260.43,1422090.21
1946,100660,,0.94,78136.2715,9.4,1422090.21,0.00
1947,0,750,0,0,10.3,0.00,9669.90
1947,750,1000,0.225,0,10.3,9669.90,12893.20
1947,1000,2500,0.24,56.25,10.3,12893.20,32233.01
1947,2500,3500,0.255,416.25,10.3,32233.01,45126.21
1947,3500,4500,0.265,671.25,10.3,45126.21,58019.42
1947,4500,5000,0.28,936.25,10.3,58019.42,64466.02
1947,5000,6500,0.3,1076.25,10.3,64466.02,83805.83
1947,6500,8500,0.34,1526.25,10.3,83805.83,109592.23
1947,8500,10500,0.385,2206.25,10.3,109592.23,135378.64
1947,10500,11500,0.405,2976.25,10.3,135378.64,148271.84
1947,11500,13000,0.43,3381.25,10.3,148271.84,167611.65
1947,13000,14000,0.45,4026.25,10.3,167611.65,180504.85
1947,14000,17000,0.475,4476.25,10.3,180504.85,219184.47
1947,17000,18000,0.5,5901.25,10.3,219184.47,232077.67
1947,18000,25000,0.525,6401.25,10.3,232077.67,322330.10
1947,25000,30000,0.55,10076.25,10.3,322330.10,386796.12
1947,30000,50000,0.575,12826.25,10.3,386796.12,644660.19
1947,50000,70000,0.625,24326.25,10.3,644660.19,902524.27
1947,70000,75000,0.65,36826.25,10.3,902524.27,966990.29
1947,75000,100000,0.675,40076.25,10.3,966990.29,1289320.39
1947,100000,150000,0.725,56951.25,10.3,1289320.39,1933980.58
1947,150000,250000,0.775,93201.25,10.3,1933980.58,3223300.97
1947,250000,,0.825,170701.25,10.3,3223300.97,0.00
1948,0,100,0.1,0,11.8,0.00,1125.42
1948,100,200,0.12,10,11.8,1125.42,2250.85
1948,200,300,0.14,22,11.8,2250.85,3376.27
1948,300,400,0.16,36,11.8,3376.27,4501.69
1948,400,500,0.18,52,11.8,4501.69,5627.12
1948,500,3500,0.2,70,11.8,5627.12,39389.83
1948,3500,5000,0.22,670,11.8,39389.83,56271.19
1948,5000,6500,0.26,1000,11.8,56271.19,73152.54
1948,6500,8500,0.3,1390,11.8,73152.54,95661.02
1948,8500,11500,0.35,1990,11.8,95661.02,129423.73
1948,11500,14000,0.4,3040,11.8,129423.73,157559.32
1948,14000,17000,0.45,4040,11.8,157559.32,191322.03
1948,17000,25000,0.5,5390,11.8,191322.03,281355.93
1948,25000,50000,0.55,9390,11.8,281355.93,562711.86
1948,50000,75000,0.6,23140,11.8,562711.86,844067.80
1948,75000,100000,0.65,38140,11.8,844067.80,1125423.73
1948,100000,150000,0.7,54390,11.8,1125423.73,1688135.59
1948,150000,250000,0.75,89390,11.8,1688135.59,2813559.32
1948,250000,,0.8,164390,11.8,2813559.32,0.00
1949,0,1000,0.15,0,12.2,0.00,10885.25
1949,1000,2000,0.17,150,12.2,10885.25,21770.49
1949,2000,4000,0.19,320,12.2,21770.49,43540.98
1949,4000,6000,0.22,700,12.2,43540.98,65311.48
1949,6000,8000,0.26,1140,12.2,65311.48,87081.97
1949,8000,10000,0.3,1660,12.2,87081.97,108852.46
1949,10000,12000,0.35,2260,12.2,108852.46,130622.95
1949,12000,15000,0.4,2960,12.2,130622.95,163278.69
1949,15000,25000,0.45,4160,12.2,163278.69,272131.15
1949,25000,40000,0.5,8660,12.2,272131.15,435409.84
1949,40000,60000,0.55,16160,12.2,435409.84,653114.75
1949,60000,90000,0.6,27160,12.2,653114.75,979672.13
1949,90000,125000,0.65,45160,12.2,979672.13,1360655.74
1949,125000,225000,0.7,67910,12.2,1360655.74,2449180.33
1949,225000,400000,0.75,137910,12.2,2449180.33,4354098.36
1949,400000,,0.8,269160,12.2,4354098.36,0.00
1950,0,750,0,0,12.5,0.00,7968.00
1950,750,1000,0.15,0,12.5,7968.00,10624.00
1950,1000,2000,0.17,37.5,12.5,10624.00,21248.00
1950,2000,4000,0.19,207.5,12.5,21248.00,42496.00
1950,4000,6000,0.22,587.5,12.5,42496.00,63744.00
1950,6000,8000,0.26,1027.5,12.5,63744.00,84992.00
1950,8000,10000,0.3,1547.5,12.5,84992.00,106240.00
1950,10000,12000,0.35,2147.5,12.5,106240.00,127488.00
1950,12000,15000,0.4,2847.5,12.5,127488.00,159360.00
1950,15000,25000,0.45,4047.5,12.5,159360.00,265600.00
1950,25000,40000,0.5,8547.5,12.5,265600.00,424960.00
1950,40000,60000,0.55,16047.5,12.5,424960.00,637440.00
1950,60000,90000,0.6,27047.5,12.5,637440.00,956160.00
1950,90000,125000,0.65,45047.5,12.5,956160.00,1328000.00
1950,125000,225000,0.7,67797.5,12.5,1328000.00,2390400.00
1950,225000,400000,0.75,137797.5,12.5,2390400.00,4249600.00
1950,400000,,0.8,269047.5,12.5,4249600.00,0.00
1951,0,1000,0,0,13.8,0.00,9623.19
1951,1000,2000,0.17,0,13.8,9623.19,19246.38
1951,2000,4000,0.19,170,13.8,19246.38,38492.75
1951,4000,6000,0.22,550,13.8,38492.75,57739.13
1951,6000,8000,0.26,990,13.8,57739.13,76985.51
1951,8000,10000,0.3,1510,13.8,76985.51,96231.88
1951,10000,12000,0.35,2110,13.8,96231.88,115478.26
1951,12000,15000,0.4,2810,13.8,115478.26,144347.83
1951,15000,25000,0.45,4010,13.8,144347.83,240579.71
1951,25000,40000,0.5,8510,13.8,240579.71,384927.54
1951,40000,60000,0.55,16010,13.8,384927.54,577391.30
1951,60000,90000,0.6,27010,13.8,577391.30,866086.96
1951,90000,125000,0.65,45010,13.8,866086.96,1202898.55
1951,125000,225000,0.7,67760,13.8,1202898.55,2165217.39
1951,225000,400000,0.75,137760,13.8,2165217.39,3849275.36
1951,400000,,0.8,269010,13.8,3849275.36,0.00
1952,0,1000,0,0,14.2,0.00,9352.11
1952,1000,2000,0.197,0,14.2,9352.11,18704.23
1952,2000,4000,0.224,197,14.2,18704.23,37408.45
1952,4000,6000,0.257,645,14.2,37408.45,56112.68
1952,6000,8000,0.306,1159,14.2,56112.68,74816.90
1952,8000,10000,0.355,1771,14.2,74816.90,93521.13
1952,10000,12000,0.41,2481,14.2,93521.13,112225.35
1952,12000,15000,0.465,3301,14.2,112225.35,140281.69
1952,15000,25000,0.52,4696,14.2,140281.69,233802.82
1952,25000,35000,0.575,9896,14.2,233802.82,327323.94
1952,35000,40000,0.6,15646,14.2,327323.94,374084.51
1952,40000,50000,0.63,18646,14.2,374084.51,467605.63
1952,50000,60000,0.655,24946,14.2,467605.63,561126.76
1952,60000,75000,0.685,31496,14.2,561126.76,701408.45
1952,75000,90000,0.71,41771,14.2,701408.45,841690.14
1952,90000,100000,0.74,52421,14.2,841690.14,935211.27
1952,100000,125000,0.765,59821,14.2,935211.27,1169014.08
1952,125000,150000,0.795,78946,14.2,1169014.08,1402816.90
1952,150000,225000,0.82,98821,14.2,1402816.90,2104225.35
1952,225000,250000,0.85,160321,14.2,2104225.35,2338028.17
1952,250000,400000,0.88,181571,14.2,2338028.17,3740845.07
1952,400000,,0.91,313571,14.2,3740845.07,0.00
1953,0,1000,0,0,14,0.00,9485.71
1953,1000,2000,0.18,0,14,9485.71,18971.43
1953,2000,3000,0.205,180,14,18971.43,28457.14
1953,3000,4000,0.205,385,14,28457.14,37942.86
1953,4000,6000,0.235,590,14,37942.86,56914.29
1953,6000,8000,0.28,1060,14,56914.29,75885.71
1953,8000,10000,0.325,1620,14,75885.71,94857.14
1953,10000,12000,0.375,2270,14,94857.14,113828.57
1953,12000,15000,0.425,3020,14,113828.57,142285.71
1953,15000,25000,0.475,4295,14,142285.71,237142.86
1953,25000,35000,0.525,9045,14,237142.86,332000.00
1953,35000,40000,0.55,14295,14,332000.00,379428.57
1953,40000,50000,0.575,17045,14,379428.57,474285.71
1953,50000,60000,0.6,22795,14,474285.71,569142.86
1953,60000,75000,0.625,28795,14,569142.86,711428.57
1953,75000,90000,0.65,38170,14,711428.57,853714.29
1953,90000,100000,0.675,47920,14,853714.29,948571.43
1953,100000,125000,0.7,54670,14,948571.43,1185714.29
1953,125000,150000,0.725,72170,14,1185714.29,1422857.14
1953,150000,225000,0.75,90295,14,1422857.14,2134285.71
1953,225000,250000,0.775,146545,14,2134285.71,2371428.57
1953,250000,400000,0.805,165920,14,2371428.57,3794285.71
1953,400000,,0.83,286670,14,3794285.71,0.00
1954,0,1000,0,0,14.1,0.00,9418.44
1954,1000,2000,0.179,0,14.1,9418.44,18836.88
1954,2000,3000,0.2,179,14.1,18836.88,28255.32
1954,3000,4000,0.2,379,14.1,28255.32,37673.76
1954,4000,6000,0.231,579,14.1,37673.76,56510.64
1954,6000,8000,0.273,1041,14.1,56510.64,75347.52
1954,8000,10000,0.315,1587,14.1,75347.52,94184.40
1954,10000,12000,0.368,2217,14.1,94184.40,113021.28
1954,12000,15000,0.42,2953,14.1,113021.28,141276.60
1954,15000,25000,0.473,4213,14.1,141276.60,235460.99
1954,25000,40000,0.525,8943,14.1,235460.99,376737.59
1954,40000,60000,0.578,16818,14.1,376737.59,565106.38
1954,60000,90000,0.63,28378,14.1,565106.38,847659.57
1954,90000,125000,0.683,47278,14.1,847659.57,1177304.96
1954,125000,225000,0.735,71183,14.1,1177304.96,2119148.94
1954,225000,400000,0.788,144683,14.1,2119148.94,3767375.89
1954,400000,,0.84,282583,14.1,3767375.89,0.00
1955,0,1000,0,0,14.1,0.00,9418.44
1955,1000,1500,0.144,0,14.1,9418.44,14127.66
1955,1500,2000,0.17,72,14.1,14127.66,18836.88
1955,2000,3000,0.191,157,14.1,18836.88,28255.32
1955,3000,4000,0.191,348,14.1,28255.32,37673.76
1955,4000,6000,0.222,539,14.1,37673.76,56510.64
1955,6000,8000,0.264,983,14.1,56510.64,75347.52
1955,8000,10000,0.306,1511,14.1,75347.52,94184.40
1955,10000,12000,0.359,2123,14.1,94184.40,113021.28
1955,12000,15000,0.411,2841,14.1,113021.28,141276.60
1955,15000,25000,0.464,4074,14.1,141276.60,235460.99
1955,25000,40000,0.516,8714,14.1,235460.99,376737.59
1955,40000,60000,0.569,16454,14.1,376737.59,565106.38
1955,60000,90000,0.621,27834,14.1,565106.38,847659.57
1955,90000,125000,0.674,46464,14.1,847659.57,1177304.96
1955,125000,225000,0.726,70054,14.1,1177304.96,2119148.94
1955,225000,400000,0.779,142654,14.1,2119148.94,3767375.89
1955,400000,,0.831,278979,14.1,3767375.89,0.00
1956,0,1000,0,0,14.3,0.00,9286.71
1956,1000,2000,0.161,0,14.3,9286.71,18573.43
1956,2000,3000,0.182,161,14.3,18573.43,27860.14
1956,3000,4000,0.182,343,14.3,27860.14,37146.85
1956,4000,6000,0.213,525,14.3,37146.85,55720.28
1956,6000,8000,0.255,951,14.3,55720.28,74293.71
1956,8000,10000,0.297,1461,14.3,74293.71,92867.13
1956,10000,12000,0.35,2055,14.3,92867.13,111440.56
1956,12000,15000,0.402,2755,14.3,111440.56,139300.70
1956,15000,25000,0.455,3961,14.3,139300.70,232167.83
1956,25000,40000,0.507,8511,14.3,232167.83,371468.53
1956,40000,60000,0.56,16116,14.3,371468.53,557202.80
1956,60000,90000,0.612,27316,14.3,557202.80,835804.20
1956,90000,125000,0.665,45676,14.3,835804.20,1160839.16
1956,125000,225000,0.717,68951,14.3,1160839.16,2089510.49
1956,225000,400000,0.77,140651,14.3,2089510.49,3714685.31
1956,400000,,0.822,275401,14.3,3714685.31,0.00
1957,0,1000,0,0,14.8,0.00,8972.97
1957,1000,2000,0.161,0,14.8,8972.97,17945.95
1957,2000,3000,0.182,161,14.8,17945.95,26918.92
1957,3000,4000,0.182,343,14.8,26918.92,35891.89
1957,4000,6000,0.213,525,14.8,35891.89,53837.84
1957,6000,8000,0.255,951,14.8,53837.84,71783.78
1957,8000,10000,0.297,1461,14.8,71783.78,89729.73
1957,10000,12000,0.35,2055,14.8,89729.73,107675.68
1957,12000,15000,0.402,2755,14.8,107675.68,134594.59
1957,15000,25000,0.455,3961,14.8,134594.59,224324.32
1957,25000,40000,0.507,8511,14.8,224324.32,358918.92
1957,40000,60000,0.56,16116,14.8,358918.92,538378.38
1957,60000,90000,0.612,27316,14.8,538378.38,807567.57
1957,90000,125000,0.665,45676,14.8,807567.57,1121621.62
1957,125000,225000,0.717,68951,14.8,1121621.62,2018918.92
1957,225000,400000,0.77,140651,14.8,2018918.92,3589189.19
1957,400000,,0.822,275401,14.8,3589189.19,0.00
1958,0,1000,0,0,15.2,0.00,8736.84
1958,1000,2000,0.14258,0,15.2,8736.84,17473.68
1958,2000,3000,0.14819,142.58,15.2,17473.68,26210.53
1958,3000,4000,0.14819,290.77,15.2,26210.53,34947.37
1958,4000,6000,0.207,438.96,15.2,34947.37,52421.05
1958,6000,8000,0.2478,852.96,15.2,52421.05,69894.74
1958,8000,10000,0.219,1348.56,15.2,69894.74,87368.42
1958,10000,12000,0.3401,1786.56,15.2,87368.42,104842.11
1958,12000,15000,0.321,2466.76,15.2,104842.11,131052.63
1958,15000,25000,0.4421,3429.76,15.2,131052.63,218421.05
1958,25000,40000,0.4926,7850.76,15.2,218421.05,349473.68
1958,40000,60000,0.5441,15239.76,15.2,349473.68,524210.53
1958,60000,90000,0.5946,26121.76,15.2,524210.53,786315.79
1958,90000,125000,0.6461,43959.76,15.2,786315.79,1092105.26
1958,125000,225000,0.6966,66573.26,15.2,1092105.26,1965789.47
1958,225000,400000,0.7481,136233.26,15.2,1965789.47,3494736.84
1958,400000,,0.7986,267150.76,15.2,3494736.84,0.00
1959,0,1000,0,0,15.3,0.00,8679.74
1959,1000,2000,0.1478,0,15.3,8679.74,17359.48
1959,2000,3000,0.1769,147.8,15.3,17359.48,26039.22
1959,3000,4000,0.1856,324.7,15.3,26039.22,34718.95
1959,4000,6000,0.2157,510.3,15.3,34718.95,52078.43
1959,6000,8000,0.2565,941.7,15.3,52078.43,69437.91
1959,8000,10000,0.2973,1454.7,15.3,69437.91,86797.39
1959,10000,12000,0.3488,2049.3,15.3,86797.39,104156.86
1959,12000,15000,0.3993,2746.9,15.3,104156.86,130196.08
1959,15000,25000,0.4508,3944.8,15.3,130196.08,216993.46
1959,25000,40000,0.5013,8452.8,15.3,216993.46,347189.54
1959,40000,60000,0.5528,15972.3,15.3,347189.54,520784.31
1959,60000,90000,0.6033,27028.3,15.3,520784.31,781176.47
1959,90000,125000,0.6548,45127.3,15.3,781176.47,1084967.32
1959,125000,225000,0.7053,68045.3,15.3,1084967.32,1952941.18
1959,225000,400000,0.7568,138575.3,15.3,1952941.18,3471895.42
1959,400000,,0.8073,271015.3,15.3,3471895.42,0.00
1960,0,1000,0,0,15.5,0.00,8567.74
1960,1000,2000,0.1478,0,15.5,8567.74,17135.48
1960,2000,3000,0.1769,147.8,15.5,17135.48,25703.23
1960,3000,4000,0.1943,324.7,15.5,25703.23,34270.97
1960,4000,6000,0.2244,519,15.5,34270.97,51406.45
1960,6000,8000,0.2652,967.8,15.5,51406.45,68541.94
1960,8000,10000,0.306,1498.2,15.5,68541.94,85677.42
1960,10000,12000,0.3575,2110.2,15.5,85677.42,102812.90
1960,12000,15000,0.408,2825.2,15.5,102812.90,128516.13
1960,15000,25000,0.4595,4049.2,15.5,128516.13,214193.55
1960,25000,40000,0.51,8644.2,15.5,214193.55,342709.68
1960,40000,60000,0.5615,16294.2,15.5,342709.68,514064.52
1960,60000,90000,0.612,27524.2,15.5,514064.52,771096.77
1960,90000,125000,0.6635,45884.2,15.5,771096.77,1070967.74
1960,125000,225000,0.714,69106.7,15.5,1070967.74,1927741.94
1960,225000,400000,0.7655,140506.7,15.5,1927741.94,3427096.77
1960,400000,,0.816,274469.2,15.5,3427096.77,0.00
1961,0,1000,0,0,15.7,0.00,8458.60
1961,1000,2000,0.1411,0,15.7,8458.60,16917.20
1961,2000,3000,0.1799,141.1,15.7,16917.20,25375.80
1961,3000,4000,0.1973,321,15.7,25375.80,33834.39
1961,4000,6000,0.2274,518.3,15.7,33834.39,50751.59
1961,6000,8000,0.2692,973.1,15.7,50751.59,67668.79
1961,8000,10000,0.311,1511.5,15.7,67668.79,84585.99
1961,10000,12000,0.3625,2133.5,15.7,84585.99,101503.18
1961,12000,15000,0.414,2858.5,15.7,101503.18,126878.98
1961,15000,25000,0.4665,4100.5,15.7,126878.98,211464.97
1961,25000,40000,0.518,8765.5,15.7,211464.97,338343.95
1961,40000,60000,0.5695,16535.5,15.7,338343.95,507515.92
1961,60000,90000,0.621,27925.5,15.7,507515.92,761273.89
1961,90000,125000,0.6735,46555.5,15.7,761273.89,1057324.84
1961,125000,225000,0.725,70128,15.7,1057324.84,1903184.71
1961,225000,400000,0.7765,142628,15.7,1903184.71,3383439.49
1961,400000,,0.828,278515.5,15.7,3383439.49,0.00
1962,0,1000,0,0,15.9,0.00,8352.20
1962,1000,2000,0.1456,0,15.9,8352.20,16704.40
1962,2000,3000,0.1748,145.6,15.9,16704.40,25056.60
1962,3000,4000,0.1916,320.4,15.9,25056.60,33408.81
1962,4000,6000,0.2208,512,15.9,33408.81,50113.21
1962,6000,8000,0.2614,953.6,15.9,50113.21,66817.61
1962,8000,10000,0.302,1476.4,15.9,66817.61,83522.01
1962,10000,12000,0.352,2080.4,15.9,83522.01,100226.42
1962,12000,15000,0.402,2784.4,15.9,100226.42,125283.02
1962,15000,25000,0.453,3990.4,15.9,125283.02,208805.03
1962,25000,40000,0.503,8520.4,15.9,208805.03,334088.05
1962,40000,60000,0.553,16065.4,15.9,334088.05,501132.08
1962,60000,90000,0.603,27125.4,15.9,501132.08,751698.11
1962,90000,125000,0.654,45215.4,15.9,751698.11,1044025.16
1962,125000,225000,0.704,68105.4,15.9,1044025.16,1879245.28
1962,225000,400000,0.754,138505.4,15.9,1879245.28,3340880.50
1962,400000,,0.804,270455.4,15.9,3340880.50,0.00
1963,0,1000,0,0,16.1,0.00,8248.45
1963,1000,2000,0.1442,0,16.1,8248.45,16496.89
1963,2000,3000,0.1731,144.2,16.1,16496.89,24745.34
1963,3000,4000,0.1937,317.3,16.1,24745.34,32993.79
1963,4000,6000,0.2256,511,16.1,32993.79,49490.68
1963,6000,8000,0.2658,962.2,16.1,49490.68,65987.58
1963,8000,10000,0.307,1493.8,16.1,65987.58,82484.47
1963,10000,12000,0.3565,2107.8,16.1,82484.47,98981.37
1963,12000,15000,0.407,2820.8,16.1,98981.37,123726.71
1963,15000,25000,0.4565,4041.8,16.1,123726.71,206211.18
1963,25000,40000,0.506,8606.8,16.1,206211.18,329937.89
1963,40000,60000,0.5555,16196.8,16.1,329937.89,494906.83
1963,60000,90000,0.606,27306.8,16.1,494906.83,742360.25
1963,90000,125000,0.6555,45486.8,16.1,742360.25,1031055.90
1963,125000,225000,0.705,68429.3,16.1,1031055.90,1855900.62
1963,225000,400000,0.7545,138929.3,16.1,1855900.62,3299378.88
1963,400000,,0.664,270966.8,16.1,3299378.88,0.00
1964,0,1000,0,0,16.4,0.00,8097.56
1964,1000,2000,0.1386,0,16.4,8097.56,16195.12
1964,2000,3000,0.1663,138.6,16.4,16195.12,24292.68
1964,3000,4000,0.1861,304.9,16.4,24292.68,32390.24
1964,4000,6000,0.2208,491,16.4,32390.24,48585.37
1964,6000,8000,0.2594,932.6,16.4,48585.37,64780.49
1964,8000,10000,0.3,1451.4,16.4,64780.49,80975.61
1964,10000,12000,0.3485,2051.4,16.4,80975.61,97170.73
1964,12000,15000,0.397,2748.4,16.4,97170.73,121463.41
1964,15000,25000,0.4455,3939.4,16.4,121463.41,202439.02
1964,25000,40000,0.494,8394.4,16.4,202439.02,323902.44
1964,40000,60000,0.5425,15804.4,16.4,323902.44,485853.66
1964,60000,90000,0.591,26654.4,16.4,485853.66,728780.49
1964,90000,125000,0.6395,44384.4,16.4,728780.49,1012195.12
1964,125000,225000,0.688,66766.9,16.4,1012195.12,1821951.22
1964,225000,400000,0.7365,135566.9,16.4,1821951.22,3239024.39
1964,400000,,0.632,264454.4,16.4,3239024.39,0.00
1965,0,1000,0,0,16.8,0.00,7904.76
1965,1000,2000,0.1404,0,16.8,7904.76,15809.52
1965,2000,3000,0.1702,140.4,16.8,15809.52,23714.29
1965,3000,4000,0.1904,310.6,16.8,23714.29,31619.05
1965,4000,6000,0.2202,501,16.8,31619.05,47428.57
1965,6000,8000,0.2596,941.4,16.8,47428.57,63238.10
1965,8000,10000,0.3,1460.6,16.8,63238.10,79047.62
1965,10000,12000,0.35,2060.6,16.8,79047.62,94857.14
1965,12000,15000,0.4,2760.6,16.8,94857.14,118571.43
1965,15000,25000,0.45,3960.6,16.8,118571.43,197619.05
1965,25000,40000,0.5,8460.6,16.8,197619.05,316190.48
1965,40000,60000,0.55,15960.6,16.8,316190.48,474285.71
1965,60000,90000,0.6,26960.6,16.8,474285.71,711428.57
1965,90000,125000,0.65,44960.6,16.8,711428.57,988095.24
1965,125000,225000,0.7,67710.6,16.8,988095.24,1778571.43
1965,225000,400000,0.75,137710.6,16.8,1778571.43,3161904.76
1965,400000,,0.8,268960.6,16.8,3161904.76,0.00
1966,0,1000,0,0,17.5,0.00,7588.57
1966,1000,2000,0.1402,0,17.5,7588.57,15177.14
1966,2000,3000,0.1701,140.2,17.5,15177.14,22765.71
1966,3000,4000,0.1897,310.3,17.5,22765.71,30354.29
1966,4000,6000,0.2196,500,17.5,30354.29,45531.43
1966,6000,8000,0.2598,939.2,17.5,45531.43,60708.57
1966,8000,10000,0.3,1458.8,17.5,60708.57,75885.71
1966,10000,12000,0.3505,2058.8,17.5,75885.71,91062.86
1966,12000,15000,0.4,2759.8,17.5,91062.86,113828.57
1966,15000,25000,0.4505,3959.8,17.5,113828.57,189714.29
1966,25000,40000,0.5,8464.8,17.5,189714.29,303542.86
1966,40000,60000,0.5505,15964.8,17.5,303542.86,455314.29
1966,60000,90000,0.6,26974.8,17.5,455314.29,682971.43
1966,90000,125000,0.6505,44974.8,17.5,682971.43,948571.43
1966,125000,225000,0.7,67742.3,17.5,948571.43,1707428.57
1966,225000,400000,0.7505,137742.3,17.5,1707428.57,3035428.57
1966,400000,,0.8,269079.8,17.5,3035428.57,0.00
1967,0,1000,0,0,18.1,0.00,7337.02
1967,1000,2000,0.14,0,18.1,7337.02,14674.03
1967,2000,3000,0.17,140,18.1,14674.03,22011.05
1967,3000,4000,0.19,310,18.1,22011.05,29348.07
1967,4000,6000,0.22,500,18.1,29348.07,44022.10
1967,6000,8000,0.26,940,18.1,44022.10,58696.13
1967,8000,10000,0.3,1460,18.1,58696.13,73370.17
1967,10000,12000,0.35,2060,18.1,73370.17,88044.20
1967,12000,15000,0.4,2760,18.1,88044.20,110055.25
1967,15000,25000,0.45,3960,18.1,110055.25,183425.41
1967,25000,40000,0.5,8460,18.1,183425.41,293480.66
1967,40000,60000,0.55,15960,18.1,293480.66,440220.99
1967,60000,90000,0.6,26960,18.1,440220.99,660331.49
1967,90000,125000,0.65,44960,18.1,660331.49,917127.07
1967,125000,225000,0.7,67710,18.1,917127.07,1650828.73
1967,225000,400000,0.75,137710,18.1,1650828.73,2934806.63
1967,400000,,0.8,268960,18.1,2934806.63,0.00
1968,0,1000,0,0,18.8,0.00,7063.83
1968,1000,2000,0.2,0,18.8,7063.83,14127.66
1968,2000,3000,0.23,200,18.8,14127.66,21191.49
1968,3000,4000,0.25,430,18.8,21191.49,28255.32
1968,4000,6000,0.28,680,18.8,28255.32,42382.98
1968,6000,8000,0.32,1240,18.8,42382.98,56510.64
1968,8000,10000,0.36,1880,18.8,56510.64,70638.30
1968,10000,12000,0.41,2600,18.8,70638.30,84765.96
1968,12000,15000,0.46,3420,18.8,84765.96,105957.45
1968,15000,25000,0.51,4800,18.8,105957.45,176595.74
1968,25000,40000,0.56,9900,18.8,176595.74,282553.19
1968,40000,60000,0.61,18300,18.8,282553.19,423829.79
1968,60000,90000,0.66,30500,18.8,423829.79,635744.68
1968,90000,125000,0.71,50300,18.8,635744.68,882978.72
1968,125000,225000,0.76,75150,18.8,882978.72,1589361.70
1968,225000,400000,0.81,151150,18.8,1589361.70,2825531.91
1968,400000,,0.86,292900,18.8,2825531.91,0.00
1969,0,1000,0,0,19.7,0.00,6741.12
1969,1000,2000,0.2,0,19.7,6741.12,13482.23
1969,2000,3000,0.23,200,19.7,13482.23,20223.35
1969,3000,4000,0.25,430,19.7,20223.35,26964.47
1969,4000,6000,0.28,680,19.7,26964.47,40446.70
1969,6000,8000,0.32,1240,19.7,40446.70,53928.93
1969,8000,10000,0.36,1880,19.7,53928.93,67411.17
1969,10000,12000,0.41,2600,19.7,67411.17,80893.40
1969,12000,15000,0.46,3420,19.7,80893.40,101116.75
1969,15000,25000,0.51,4800,19.7,101116.75,168527.92
1969,25000,40000,0.56,9900,19.7,168527.92,269644.67
1969,40000,60000,0.61,18300,19.7,269644.67,404467.01
1969,60000,90000,0.66,30500,19.7,404467.01,606700.51
1969,90000,125000,0.71,50300,19.7,606700.51,842639.59
1969,125000,225000,0.76,75150,19.7,842639.59,1516751.27
1969,225000,400000,0.81,151150,19.7,1516751.27,2696446.70
1969,400000,,0.86,292900,19.7,2696446.70,0.00
1970,0,1000,0,0,20.3,0.00,6541.87
1970,1000,2000,0.2,0,20.3,6541.87,13083.74
1970,2000,3000,0.23,200,20.3,13083.74,19625.62
1970,3000,4000,0.25,430,20.3,19625.62,26167.49
1970,4000,6000,0.28,680,20.3,26167.49,39251.23
1970,6000,8000,0.32,1240,20.3,39251.23,52334.98
1970,8000,10000,0.36,1880,20.3,52334.98,65418.72
1970,10000,12000,0.41,2600,20.3,65418.72,78502.46
1970,12000,15000,0.46,3420,20.3,78502.46,98128.08
1970,15000,25000,0.51,4800,20.3,98128.08,163546.80
1970,25000,40000,0.56,9900,20.3,163546.80,261674.88
1970,40000,60000,0.61,18300,20.3,261674.88,392512.32
1970,60000,90000,0.66,30500,20.3,392512.32,588768.47
1970,90000,125000,0.71,50300,20.3,588768.47,817733.99
1970,125000,225000,0.76,75150,20.3,817733.99,1471921.18
1970,225000,400000,0.81,151150,20.3,1471921.18,2616748.77
1970,400000,,0.86,292900,20.3,2616748.77,0.00
1971,0,1000,0,0,20.9,0.00,6354.07
1971,1000,2000,0.21,0,20.9,6354.07,12708.13
1971,2000,3000,0.235,210,20.9,12708.13,19062.20
1971,3000,4000,0.25,445,20.9,19062.20,25416.27
1971,4000,6000,0.28,695,20.9,25416.27,38124.40
1971,6000,8000,0.32,1255,20.9,38124.40,50832.54
1971,8000,10000,0.36,1895,20.9,50832.54,63540.67
1971,10000,12000,0.41,2615,20.9,63540.67,76248.80
1971,12000,15000,0.46,3435,20.9,76248.80,95311.00
1971,15000,25000,0.51,4815,20.9,95311.00,158851.67
1971,25000,40000,0.56,9915,20.9,158851.67,254162.68
1971,40000,60000,0.61,18315,20.9,254162.68,381244.02
1971,60000,90000,0.66,30515,20.9,381244.02,571866.03
1971,90000,125000,0.71,50315,20.9,571866.03,794258.37
1971,125000,225000,0.76,75165,20.9,794258.37,1429665.07
1971,225000,400000,0.81,151165,20.9,1429665.07,2541626.79
1971,400000,,0.86,292915,20.9,2541626.79,0.00
1972,0,1500,0,0,21.9,0.00,9095.89
1972,1500,2000,0.239,0,21.9,9095.89,12127.85
1972,2000,3000,0.256,119.5,21.9,12127.85,18191.78
1972,3000,5000,0.273,375.5,21.9,18191.78,30319.63
1972,5000,7000,0.308,921.5,21.9,30319.63,42447.49
1972,7000,9000,0.343,1537.5,21.9,42447.49,54575.34
1972,9000,11000,0.377,2223.5,21.9,54575.34,66703.20
1972,11000,14000,0.426,2977.5,21.9,66703.20,84894.98
1972,14000,24000,0.476,4255.5,21.9,84894.98,145534.25
1972,24000,39000,0.525,9015.5,21.9,145534.25,236493.15
1972,39000,60000,0.574,16890.5,21.9,236493.15,363835.62
1972,60000,,0.623,28944.5,21.9,363835.62,0.00
1973,0,1500,0,0,23.6,0.00,8440.68
1973,1500,1600,0.1,0,23.6,8440.68,9003.39
1973,1600,2000,0.2444,10,23.6,9003.39,11254.24
1973,2000,3000,0.262,107.76,23.6,11254.24,16881.36
1973,3000,5000,0.2796,369.76,23.6,16881.36,28135.59
1973,5000,7000,0.3148,928.96,23.6,28135.59,39389.83
1973,7000,9000,0.35,1558.56,23.6,39389.83,50644.07
1973,9000,11000,0.3852,2258.56,23.6,50644.07,61898.31
1973,11000,14000,0.4356,3028.96,23.6,61898.31,78779.66
1973,14000,24000,0.486,4335.76,23.6,78779.66,135050.85
1973,24000,39000,0.5364,9195.76,23.6,135050.85,219457.63
1973,39000,60000,0.5868,17241.76,23.6,219457.63,337627.12
1973,60000,,0.6372,29564.56,23.6,337627.12,0.00
1974,0,1500,0,0,26.2,0.00,7603.05
1974,1500,1706,0.1,0,26.2,7603.05,8647.21
1974,1706,2132,0.2444,20.6,26.2,8647.21,10806.47
1974,2132,3000,0.262,124.7144,26.2,10806.47,15206.11
1974,3000,3198,0.272,352.1304,26.2,15206.11,16209.71
1974,3198,5000,0.2796,405.9864,26.2,16209.71,25343.51
1974,5000,5330,0.2996,909.8256,26.2,25343.51,27016.18
1974,5330,7000,0.3148,1008.6936,26.2,27016.18,35480.92
1974,7000,7462,0.3348,1534.4096,26.2,35480.92,37822.66
1974,7462,9000,0.35,1689.0872,26.2,37822.66,45618.32
1974,9000,9594,0.37,2227.3872,26.2,45618.32,48629.13
1974,9594,11000,0.3852,2447.1672,26.2,48629.13,55755.73
1974,11000,11726,0.4052,2988.7584,26.2,55755.73,59435.60
1974,11726,14000,0.4356,3282.9336,26.2,59435.60,70961.83
1974,14000,18494,0.4556,4273.488,26.2,70961.83,93740.58
1974,18494,24000,0.486,6320.9544,26.2,93740.58,121648.85
1974,24000,25584,0.506,8996.8704,26.2,121648.85,129677.68
1974,25584,39000,0.5364,9798.3744,26.2,129677.68,197679.39
1974,39000,41574,0.5564,16994.7168,26.2,197679.39,210726.23
1974,41574,60000,0.5868,18426.8904,26.2,210726.23,304122.14
1974,60000,63960,0.6068,29239.2672,26.2,304122.14,324194.20
1974,63960,,0.6372,31642.1952,26.2,324194.20,0.00
1975,0,1878,0,0,29,0.00,8599.94
1975,1878,2000,0.109744,0,29,8599.94,9158.62
1975,2000,2348,0.269744,13.388768,29,9158.62,10752.22
1975,2348,3522,0.27552,107.25968,29,10752.22,16128.33
1975,3522,5870,0.281296,430.72016,29,16128.33,26880.55
1975,5870,8218,0.292848,1091.203168,29,26880.55,37632.77
1975,8218,9000,0.3044,1778.810272,29,37632.77,41213.79
1975,9000,10566,0.3244,2016.851072,29,41213.79,48384.99
1975,10566,11000,0.335952,2524.861472,29,48384.99,50372.41
1975,11000,11544,0.355952,2670.66464,29,50372.41,52863.56
1975,11544,12914,0.339536,2864.302528,29,52863.56,59137.21
1975,12914,14000,0.360208,3329.466848,29,59137.21,64110.34
1975,14000,16436,0.380208,3720.652736,29,64110.34,75265.54
1975,16436,22973,0.40088,4646.839424,29,75265.54,105200.50
1975,22973,24000,0.42216,7267.391984,29,105200.50,109903.45
1975,24000,28176,0.44216,7700.950304,29,109903.45,129026.65
1975,28176,39000,0.465264,9547.410464,29,129026.65,178593.10
1975,39000,45786,0.485264,14583.428,29,178593.10,209668.30
1975,45786,60000,0.508368,17876.4295,29,209668.30,274758.62
1975,60000,70440,0.528368,25102.37226,29,274758.62,322566.62
1975,70440,,0.551472,30618.53418,29,322566.62,0.00
1976,0,2000,0,0,31.1,0.00,8540.19
1976,2000,2090,0.16,0,31.1,8540.19,8924.50
1976,2090,2613,0.269744,14.4,31.1,8924.50,11157.76
1976,2613,3920,0.27552,155.476112,31.1,11157.76,16738.78
1976,3920,6534,0.281296,515.580752,31.1,16738.78,27900.81
1976,6534,9000,0.292848,1250.888496,31.1,27900.81,38430.87
1976,9000,9148,0.312848,1973.051664,31.1,38430.87,39062.84
1976,9148,11000,0.3244,2019.353168,31.1,39062.84,46971.06
1976,11000,11762,0.3444,2620.141968,31.1,46971.06,50224.87
1976,11762,11874,0.355952,2882.574768,31.1,50224.87,50703.13
1976,11874,14000,0.339536,2922.441392,31.1,50703.13,59781.35
1976,14000,14377,0.359536,3644.294928,31.1,59781.35,61391.18
1976,14377,18298,0.380208,3779.84,31.1,61391.18,78134.23
1976,18298,23608,0.40088,5270.635568,31.1,78134.23,100808.44
1976,23608,24000,0.42216,7399.308368,31.1,100808.44,102482.32
1976,24000,30035,0.44216,7564.795088,31.1,102482.32,128252.35
1976,30035,31367,0.46876,10233.23069,31.1,128252.35,133940.12
1976,31367,39000,0.494904,10857.61901,31.1,133940.12,166533.76
1976,39000,50972,0.514904,14635.22124,31.1,166533.76,217655.36
1976,50972,60000,0.541048,20799.65193,31.1,217655.36,256205.79
1976,60000,78420,0.561048,25684.23327,31.1,256205.79,334860.96
1976,78420,,0.587192,36018.73743,31.1,334860.96,0.00
1977,0,2000,0,0,33.6,0.00,7904.76
1977,2000,2838,0.16,0,33.6,7904.76,11216.86
1977,2838,4257,0.302,134.08,33.6,11216.86,16825.29
1977,4257,7095,0.3187,562.618,33.6,16825.29,28042.14
1977,7095,9000,0.3354,1467.0886,33.6,28042.14,35571.43
1977,9000,9933,0.3554,2106.0256,33.6,35571.43,39259.00
1977,9933,11819,0.3721,2437.6138,33.6,39259.00,46713.19
1977,11819,12771,0.3712,3139.3944,33.6,46713.19,50475.86
1977,12771,14000,0.386,3492.7768,33.6,50475.86,55333.33
1977,14000,15609,0.406,3967.1708,33.6,55333.33,61692.71
1977,15609,19866,0.4286,4620.4248,33.6,61692.71,78518.00
1977,19866,23659,0.4584,6444.975,33.6,78518.00,93509.38
1977,23659,24000,0.4872,8183.6862,33.6,93509.38,94857.14
1977,24000,34056,0.5072,8349.8214,33.6,94857.14,134602.29
1977,34056,39000,0.5406,13450.2246,33.6,134602.29,154142.86
1977,39000,55341,0.5606,16122.951,33.6,154142.86,218728.71
1977,55341,60000,0.5857,25283.7156,33.6,218728.71,237142.86
1977,60000,85141,0.6057,28012.4919,33.6,237142.86,336509.67
1977,85141,,0.6391,43240.3956,33.6,336509.67,0.00
1978,0,2430,0,0,36.6,0.00,8817.05
1978,2430,3042,0.142,0,36.6,8817.05,11037.64
1978,3042,3600,0.1503,86.904,36.6,11037.64,13062.30
1978,3600,3936,0.3203,170.7714,36.6,13062.30,14281.44
1978,3936,4563,0.3303,278.3922,36.6,14281.44,16556.46
1978,4563,5127,0.3387,485.4903,36.6,16556.46,18602.89
1978,5127,6504,0.3487,676.5171,36.6,18602.89,23599.21
1978,6504,7605,0.3587,1156.677,36.6,23599.21,27594.10
1978,7605,8095,0.3754,1551.6057,36.6,27594.10,29372.02
1978,8095,9935,0.3854,1735.5517,36.6,29372.02,36048.31
1978,9935,10647,0.3954,2444.6877,36.6,36048.31,38631.74
1978,10647,12061,0.3954,2726.2125,36.6,38631.74,43762.32
1978,12061,13689,0.4221,3285.3081,36.6,43762.32,49669.38
1978,13689,14519,0.4388,3972.4869,36.6,49669.38,52680.96
1978,14519,16558,0.4488,4336.6909,36.6,52680.96,60079.30
1978,16558,16731,0.4263,5251.7941,36.6,60079.30,60707.02
1978,16731,17360,0.4486,5325.544,36.6,60707.02,62989.29
1978,17360,20644,0.4586,5607.7134,36.6,62989.29,74905.01
1978,20644,21294,0.4686,7113.7558,36.6,74905.01,77263.48
1978,21294,24111,0.4984,7418.3458,36.6,77263.48,87484.72
1978,24111,28829,0.5372,8822.3386,36.6,87484.72,104603.58
1978,28829,33902,0.5472,11356.8482,36.6,104603.58,123010.54
1978,33902,36504,0.5906,14132.7938,36.6,123010.54,132451.67
1978,36504,46544,0.6006,15669.535,36.6,132451.67,168880.96
1978,46544,54380,0.6106,21699.559,36.6,168880.96,197313.22
1978,54380,59319,0.6206,26484.2206,36.6,197313.22,215233.97
1978,59319,60714,0.6457,29549.364,36.6,215233.97,220295.61
1978,60714,91260,0.6557,30450.1155,36.6,220295.61,331129.18
1978,91260,,0.6891,50479.1277,36.6,331129.18,0.00
1979,0,2650,0,0,40.5,0.00,8689.38
1979,2650,3316,0.142,0,40.5,8689.38,10873.20
1979,3316,3600,0.1503,94.572,40.5,10873.20,11804.44
1979,3600,3936,0.3203,137.2572,40.5,11804.44,12906.19
1979,3936,4974,0.3303,244.878,40.5,12906.19,16309.81
1979,4974,5127,0.3387,587.7294,40.5,16309.81,16811.50
1979,5127,6504,0.3487,639.5505,40.5,16811.50,21326.70
1979,6504,8095,0.3587,1119.7104,40.5,21326.70,26543.60
1979,8095,8290,0.3687,1690.4021,40.5,26543.60,27183.01
1979,8290,9935,0.3854,1762.2986,40.5,27183.01,32576.99
1979,9935,11606,0.3954,2396.2816,40.5,32576.99,38056.22
1979,11606,12061,0.4121,3056.995,40.5,38056.22,39548.17
1979,12061,12185,0.4221,3244.5005,40.5,39548.17,39954.77
1979,12185,14519,0.4048,3296.8409,40.5,39954.77,47607.98
1979,14519,14922,0.4048,4241.6441,40.5,47607.98,48929.42
1979,14922,17360,0.43,4404.7785,40.5,48929.42,56923.65
1979,17360,18238,0.44,5453.1185,40.5,56923.65,59802.63
1979,18238,24441,0.4628,5839.4385,40.5,59802.63,80142.34
1979,24441,24720,0.4828,8710.1869,40.5,80142.34,81057.19
1979,24720,28212,0.5132,8844.8881,40.5,81057.19,92507.50
1979,28212,28829,0.5372,10636.9825,40.5,92507.50,94530.65
1979,28829,33902,0.5472,10968.4349,40.5,94530.65,111165.08
1979,33902,39766,0.5572,13744.3805,40.5,111165.08,130393.20
1979,39766,39792,0.5672,17011.8013,40.5,130393.20,130478.46
1979,39792,54380,0.6006,17026.5485,40.5,130478.46,178312.69
1979,54380,60714,0.6206,25788.1013,40.5,178312.69,199081.96
1979,60714,99481,0.6557,29718.9817,40.5,199081.96,326199.43
1979,99481,,0.6891,55138.5036,40.5,326199.43,0.00
1980,0,2890,0,0,44.7,0.00,8585.95
1980,2890,3612,0.142,0,44.7,8585.95,10730.95
1980,3612,4050,0.282,102.524,44.7,10730.95,12032.21
1980,4050,5127,0.292,226.04,44.7,12032.21,15231.89
1980,5127,5418,0.3003,540.524,44.7,15231.89,16096.43
1980,5418,6504,0.3187,627.9113,44.7,16096.43,19322.85
1980,6504,8095,0.3287,974.0195,44.7,19322.85,24049.57
1980,8095,9030,0.3387,1496.9812,44.7,24049.57,26827.38
1980,9030,9935,0.3554,1813.6657,44.7,26827.38,29516.06
1980,9935,12061,0.3654,2135.3027,44.7,29516.06,35832.23
1980,12061,12388,0.3754,2912.1431,44.7,35832.23,36803.72
1980,12388,12642,0.3596,3034.8989,44.7,36803.72,37558.34
1980,12642,14519,0.3748,3126.2373,44.7,37558.34,43134.75
1980,14519,16254,0.3848,3829.7369,44.7,43134.75,48289.29
1980,16254,17360,0.4,4497.3649,44.7,48289.29,51575.12
1980,17360,19866,0.41,4939.7649,44.7,51575.12,59020.24
1980,19866,20644,0.4328,5967.2249,44.7,59020.24,61331.62
1980,20644,24441,0.4428,6303.9433,44.7,61331.62,72612.19
1980,24441,25284,0.4528,7985.2549,44.7,72612.19,75116.67
1980,25284,25376,0.4832,8366.9653,44.7,75116.67,75390.00
1980,25376,28829,0.5072,8411.4197,44.7,75390.00,85648.57
1980,28829,33902,0.5172,10162.7813,44.7,85648.57,100720.04
1980,33902,39766,0.5272,12786.5369,44.7,100720.04,118141.49
1980,39766,43344,0.5372,15878.0377,44.7,118141.49,128771.44
1980,43344,46544,0.5706,17800.1393,44.7,128771.44,138278.37
1980,46544,54380,0.5806,19626.0593,44.7,138278.37,161558.48
1980,54380,60714,0.5906,24175.6409,44.7,161558.48,180376.27
1980,60714,70434,0.6006,27916.5013,44.7,180376.27,209253.58
1980,70434,108360,0.6257,33754.3333,44.7,209253.58,321928.59
1980,108360,,0.6591,57484.6315,44.7,321928.59,0.00
1981,0,3170,0,0,50.2,0.00,8385.98
1981,3170,4350,0.1503,0,50.2,8385.98,11507.57
1981,4350,6504,0.3003,177.354,50.2,11507.57,17205.80
1981,6504,8095,0.3287,824.2002,50.2,17205.80,21414.66
1981,8095,9915,0.3387,1347.1619,50.2,21414.66,26229.32
1981,9915,9935,0.3554,1963.5959,50.2,26229.32,26282.23
1981,9935,13881,0.3654,1970.7039,50.2,26282.23,36721.05
1981,13881,14519,0.3921,3412.5723,50.2,36721.05,38408.83
1981,14519,17360,0.4021,3662.7321,50.2,38408.83,45924.46
1981,17360,17847,0.4121,4805.0982,50.2,45924.46,47212.78
1981,17847,20644,0.4288,5005.7909,50.2,47212.78,54612.02
1981,20644,21813,0.4388,6205.1445,50.2,54612.02,57704.51
1981,21813,24441,0.4638,6718.1017,50.2,57704.51,64656.67
1981,24441,27762,0.4738,7936.9681,50.2,64656.67,73442.10
1981,27762,28829,0.5072,9510.4579,50.2,73442.10,76264.76
1981,28829,33902,0.5172,10051.6403,50.2,76264.76,89684.97
1981,33902,39766,0.5272,12675.3959,50.2,89684.97,105197.71
1981,39766,46544,0.5372,15766.8967,50.2,105197.71,123128.35
1981,46544,47592,0.5472,19408.0383,50.2,123128.35,125900.75
1981,47592,54380,0.5806,19981.5039,50.2,125900.75,143857.85
1981,54380,60714,0.5906,23922.6167,50.2,143857.85,160613.93
1981,60714,77337,0.6006,27663.4771,50.2,160613.93,204588.72
1981,77337,118980,0.6257,37647.2509,50.2,204588.72,314751.87
1981,118980,,0.6591,63703.276,50.2,314751.87,0.00
1982,0,3560,0,0,56,0.00,8442.29
1982,3560,4680,0.14195,0,56,8442.29,11098.29
1982,4680,6504,0.30195,158.984,56,11098.29,15423.77
1982,6504,6672,0.3203,709.7408,56,15423.77,15822.17
1982,6672,8095,0.32865,763.5512,56,15822.17,19196.71
1982,8095,9935,0.33865,1231.22015,56,19196.71,23560.14
1982,9935,11120,0.34865,1854.33615,56,23560.14,26370.29
1982,11120,12061,0.35865,2267.4864,56,26370.29,28601.80
1982,12061,14519,0.367,2604.97605,56,28601.80,34430.77
1982,14519,15568,0.377,3507.06205,56,34430.77,36918.40
1982,15568,17360,0.387,3902.53505,56,36918.40,41168.00
1982,17360,20644,0.41205,4596.03905,56,41168.00,48955.77
1982,20644,20016,0.42205,5949.21125,56,48955.77,47466.51
1982,20016,24441,0.43875,5684.16385,56,47466.51,57960.09
1982,24441,28829,0.44875,7625.6326,56,57960.09,68365.91
1982,28829,31136,0.45875,9594.7476,56,68365.91,73836.80
1982,31136,33902,0.46875,10653.08385,56,73836.80,80396.17
1982,33902,39766,0.5105,11949.64635,56,80396.17,94302.23
1982,39766,46544,0.5205,14943.21835,56,94302.23,110375.77
1982,46544,53376,0.5305,18471.16735,56,110375.77,126577.37
1982,53376,54380,0.5405,22095.54335,56,126577.37,128958.29
1982,54380,60714,0.5505,22638.20535,56,128958.29,143978.91
1982,60714,,0.5839,26125.07235,56,143978.91,0.00
1983,0,3770,0,0,59.1,0.00,8471.34
1983,3770,5030,0.15,0,59.1,8471.34,11302.61
1983,5030,6504,0.31,189,59.1,11302.61,14614.74
1983,6504,7074,0.32,645.94,59.1,14614.74,15895.55
1983,7074,8095,0.329,828.34,59.1,15895.55,18189.78
1983,8095,9935,0.339,1164.249,59.1,18189.78,22324.33
1983,9935,11790,0.349,1788.009,59.1,22324.33,26492.59
1983,11790,12061,0.357,2435.404,59.1,26492.59,27101.54
1983,12061,14519,0.367,2532.151,59.1,27101.54,32624.76
1983,14519,16507,0.377,3434.237,59.1,32624.76,37091.87
1983,16507,17360,0.402,4183.713,59.1,37091.87,39008.60
1983,17360,20644,0.412,4526.619,59.1,39008.60,46387.87
1983,20644,21223,0.422,5879.627,59.1,46387.87,47688.91
1983,21223,24441,0.439,6123.965,59.1,47688.91,54919.88
1983,24441,28829,0.449,7536.667,59.1,54919.88,64779.88
1983,28829,33012,0.459,9506.879,59.1,64779.88,74179.25
1983,33012,33902,0.459,11426.876,59.1,74179.25,76179.11
1983,33902,39766,0.511,11835.386,59.1,76179.11,89355.75
1983,39766,46544,0.521,14831.89,59.1,89355.75,104586.18
1983,46544,54380,0.531,18363.228,59.1,104586.18,122193.98
1983,54380,56592,0.541,22524.144,59.1,122193.98,127164.43
1983,56592,60714,0.574,23720.836,59.1,127164.43,136426.72
1983,60714,,0.584,26086.864,59.1,136426.72,0.00
1984,0,3960,0,0,61.5,0.00,8551.02
1984,3960,5280,0.14195,0,61.5,8551.02,11401.37
1984,5280,6504,0.30195,187.374,61.5,11401.37,14044.41
1984,6504,7428,0.3203,556.9608,61.5,14044.41,16039.65
1984,7428,8095,0.32865,852.918,61.5,16039.65,17479.93
1984,8095,9935,0.33865,1072.12755,61.5,17479.93,21453.14
1984,9935,12061,0.34865,1695.24355,61.5,21453.14,26043.92
1984,12061,12380,0.35865,2436.47345,61.5,26043.92,26732.75
1984,12380,14519,0.367,2550.8828,61.5,26732.75,31351.60
1984,14519,17360,0.377,3335.8958,61.5,31351.60,37486.31
1984,17360,17332,0.387,4406.9528,61.5,37486.31,37425.85
1984,17332,20644,0.41205,4396.1168,61.5,37425.85,44577.61
1984,20644,22284,0.42205,5760.8264,61.5,44577.61,48118.95
1984,22284,24441,0.43875,6452.9884,61.5,48118.95,52776.66
1984,24441,28829,0.44875,7399.37215,61.5,52776.66,62251.89
1984,28829,33902,0.45875,9368.48715,61.5,62251.89,73206.27
1984,33902,34664,0.46875,11695.7259,61.5,73206.27,74851.69
1984,34664,39766,0.5105,12052.9134,61.5,74851.69,85868.70
1984,39766,46544,0.5205,14657.4844,61.5,85868.70,100504.77
1984,46544,54380,0.5305,18185.4334,61.5,100504.77,117425.43
1984,54380,60714,0.5405,22342.4314,61.5,117425.43,131102.75
1984,60714,59424,0.5505,25765.9584,61.5,131102.75,128317.19
1984,59424,,0.5839,25055.8134,61.5,128317.19,0.00
1985,0,4140,0,0,64.2,0.00,8563.74
1985,4140,5280,0.14195,0,64.2,8563.74,10921.87
1985,5280,6504,0.30195,161.823,64.2,10921.87,13453.76
1985,6504,7770,0.3203,531.4098,64.2,13453.76,16072.52
1985,7770,8095,0.32865,936.9096,64.2,16072.52,16744.80
1985,8095,9935,0.33865,1043.72085,64.2,16744.80,20550.90
1985,9935,12061,0.34865,1666.83685,64.2,20550.90,24948.61
1985,12061,12950,0.35865,2408.06675,64.2,24948.61,26787.54
1985,12950,14519,0.367,2726.9066,64.2,26787.54,30033.07
1985,14519,17360,0.377,3302.7296,64.2,30033.07,35909.78
1985,17360,18130,0.387,4373.7866,64.2,35909.78,37502.55
1985,18130,20644,0.41205,4671.7766,64.2,37502.55,42702.85
1985,20644,23310,0.42205,5707.6703,64.2,42702.85,48217.57
1985,23310,24441,0.43875,6832.8556,64.2,48217.57,50557.08
1985,24441,28829,0.44875,7329.08185,64.2,50557.08,59633.82
1985,28829,33902,0.45875,9298.19685,64.2,59633.82,70127.50
1985,33902,36260,0.46875,11625.4356,64.2,70127.50,75005.11
1985,36260,39766,0.5105,12730.7481,64.2,75005.11,82257.40
1985,39766,46544,0.5205,14520.5611,64.2,82257.40,96277.93
1985,46544,54380,0.5305,18048.5101,64.2,96277.93,112486.98
1985,54380,60714,0.5405,22205.5081,64.2,112486.98,125589.08
1985,60714,62160,0.5505,25629.0351,64.2,125589.08,128580.19
1985,62160,,0.5839,26425.0581,64.2,128580.19,0.00
1986,0,4180,0,0,67.3,0.00,8248.20
1986,4180,5280,0.1336,0,67.3,8248.20,10418.78
1986,5280,6504,0.2936,146.96,67.3,10418.78,12834.04
1986,6504,7832,0.3203,506.3264,67.3,12834.04,15454.53
1986,7832,8095,0.32865,931.6848,67.3,15454.53,15973.49
1986,8095,9935,0.33865,1018.11975,67.3,15973.49,19604.28
1986,9935,12061,0.34865,1641.23575,67.3,19604.28,23799.42
1986,12061,13054,0.35865,2382.46565,67.3,23799.42,25758.86
1986,13054,14519,0.367,2738.6051,67.3,25758.86,28649.68
1986,14519,18275,0.377,3276.2601,67.3,28649.68,36061.22
1986,18275,18820,0.40205,4692.2721,67.3,36061.22,37136.64
1986,18820,26347,0.42875,4911.38935,67.3,37136.64,51989.33
1986,26347,36550,0.43875,8138.5906,67.3,51989.33,72122.44
1986,36550,61608,0.4905,12615.15685,67.3,72122.44,121568.24
1986,61608,62657,0.5005,24906.10585,67.3,121568.24,123638.18
1986,62657,,0.5339,25431.13035,67.3,123638.18,0.00
1987,0,4220,0,0,70.2,0.00,7983.13
1987,4220,5280,0.1336,0,70.2,7983.13,9988.38
1987,5280,6504,0.2936,141.616,70.2,9988.38,12303.86
1987,6504,7918,0.3203,500.9824,70.2,12303.86,14978.78
1987,7918,8095,0.32865,953.8866,70.2,14978.78,15313.62
1987,8095,9935,0.33865,1012.05765,70.2,15313.62,18794.42
1987,9935,12061,0.34865,1635.17365,70.2,18794.42,22816.25
1987,12061,13197,0.35865,2376.40355,70.2,22816.25,24965.26
1987,13197,14519,0.367,2783.82995,70.2,24965.26,27466.14
1987,14519,18476,0.377,3269.00395,70.2,27466.14,34951.75
1987,18476,18820,0.40205,4760.79295,70.2,34951.75,35602.51
1987,18820,26347,0.42875,4899.09815,70.2,35602.51,49841.62
1987,26347,36952,0.43875,8126.2994,70.2,49841.62,69903.50
1987,36952,61608,0.4905,12779.24315,70.2,69903.50,116546.19
1987,61608,63347,0.5005,24873.01115,70.2,116546.19,119835.92
1987,63347,,0.5339,25743.38065,70.2,119835.92,0.00
1988,0,5280,0,0,72.8,0.00,9631.65
1988,5280,6000,0.16,0,72.8,9631.65,10945.05
1988,6000,7000,0.30195,115.2,72.8,10945.05,12769.23
1988,7000,14000,0.33695,417.15,72.8,12769.23,25538.46
1988,14000,23000,0.35695,2775.8,72.8,25538.46,41956.04
1988,23000,27500,0.38695,5988.35,72.8,41956.04,50164.84
1988,27500,50000,0.4621,7729.625,72.8,50164.84,91208.79
1988,50000,55000,0.4771,18126.875,72.8,91208.79,100329.67
1988,55000,,0.50215,20512.375,72.8,100329.67,0.00
1989,0,5280,0,0,75.9,0.00,9238.26
1989,5280,6066,0.16,0,75.9,9238.26,10613.50
1989,6066,7000,0.30195,125.76,75.9,10613.50,12247.69
1989,7000,14000,0.33195,407.7813,75.9,12247.69,24495.39
1989,14000,23000,0.35195,2731.4313,75.9,24495.39,40242.42
1989,23000,27803,0.37195,5898.9813,75.9,40242.42,48646.09
1989,27803,55605,0.4571,7685.45715,75.9,48646.09,97290.43
1989,55605,,0.48215,20393.75135,75.9,97290.43,0.00
1990,0,5280,0,0,79.2,0.00,8853.33
1990,5280,6169,0.16,0,79.2,8853.33,10343.98
1990,6169,7000,0.30195,142.24,79.2,10343.98,11737.37
1990,7000,14000,0.33195,393.16045,79.2,11737.37,23474.75
1990,14000,23000,0.35195,2716.81045,79.2,23474.75,38565.66
1990,23000,28275,0.37195,5884.36045,79.2,38565.66,47410.61
1990,28275,50000,0.4471,7846.3967,79.2,47410.61,83838.38
1990,50000,56550,0.47215,17559.6442,79.2,83838.38,94821.21
1990,56550,,0.48215,20652.2267,79.2,94821.21,0.00
1991,0,5530,0,0,85,0.00,8639.81
1991,5530,6280,0.16,0,85,8639.81,9811.58
1991,6280,7000,0.30195,120,85,9811.58,10936.47
1991,7000,14000,0.33195,337.404,85,10936.47,21872.94
1991,14000,23000,0.35195,2661.054,85,21872.94,35934.12
1991,23000,28784,0.37195,5828.604,85,35934.12,44970.77
1991,28784,50000,0.4471,7979.9628,85,44970.77,78117.65
1991,50000,57568,0.47215,17465.6364,85,78117.65,89941.53
1991,57568,,0.48215,21038.8676,85,89941.53,0.00
1992,0,5780,0,0,86.6,0.00,8863.56
1992,5780,6456,0.16,0,86.6,8863.56,9900.19
1992,6456,7000,0.30195,108.16,86.6,9900.19,10734.41
1992,7000,14000,0.33195,272.4208,86.6,10734.41,21468.82
1992,14000,23000,0.35195,2596.0708,86.6,21468.82,35270.21
1992,23000,29590,0.37195,5763.6208,86.6,35270.21,45375.89
1992,29590,50000,0.4471,8214.7713,86.6,45375.89,76674.36
1992,50000,59180,0.47215,17340.0823,86.6,76674.36,90751.78
1992,59180,,0.48215,21674.4193,86.6,90751.78,0.00
1993,0,5900,0,0,87.7,0.00,8934.09
1993,5900,6456,0.16,0,87.7,8934.09,9776.02
1993,6456,7000,0.30195,88.96,87.7,9776.02,10599.77
1993,7000,14000,0.33195,253.2208,87.7,10599.77,21199.54
1993,14000,23000,0.35195,2576.8708,87.7,21199.54,34827.82
1993,23000,29590,0.37195,5744.4208,87.7,34827.82,44806.75
1993,29590,50000,0.4471,8195.5713,87.7,44806.75,75712.66
1993,50000,59180,0.47215,17320.8823,87.7,75712.66,89613.50
1993,59180,,0.48215,21655.2193,87.7,89613.50,0.00
1994,0,5900,0,0,86.6,0.00,9047.58
1994,5900,6456,0.16,0,86.6,9047.58,9900.19
1994,6456,7000,0.30195,88.96,86.6,9900.19,10734.41
1994,7000,14000,0.33195,253.2208,86.6,10734.41,21468.82
1994,14000,23000,0.35195,2576.8708,86.6,21468.82,35270.21
1994,23000,29590,0.37195,5744.4208,86.6,35270.21,45375.89
1994,29590,50000,0.4471,8195.5713,86.6,45375.89,76674.36
1994,50000,59180,0.47215,17320.8823,86.6,76674.36,90751.78
1994,59180,,0.48215,21655.2193,86.6,90751.78,0.00
1995,0,5900,0,0,88.1,0.00,8893.53
1995,5900,6456,0.16,0,88.1,8893.53,9731.63
1995,6456,7000,0.30195,88.96,88.1,9731.63,10551.65
1995,7000,14000,0.33195,253.2208,88.1,10551.65,21103.29
1995,14000,23000,0.35195,2576.8708,88.1,21103.29,34669.69
1995,23000,29590,0.37195,5744.4208,88.1,34669.69,44603.31
1995,29590,50000,0.4471,8195.5713,88.1,44603.31,75368.90
1995,50000,59180,0.47215,17320.8823,88.1,75368.90,89206.63
1995,59180,,0.48215,21655.2193,88.1,89206.63,0.00
1996,0,5900,0,0,89.5,0.00,8754.41
1996,5900,6456,0.16,0,89.5,8754.41,9579.41
1996,6456,7000,0.30195,88.96,89.5,9579.41,10386.59
1996,7000,14000,0.33195,253.2208,89.5,10386.59,20773.18
1996,14000,23000,0.35195,2576.8708,89.5,20773.18,34127.37
1996,23000,29590,0.37195,5744.4208,89.5,34127.37,43905.61
1996,29590,50000,0.4471,8195.5713,89.5,43905.61,74189.94
1996,50000,59180,0.47215,17320.8823,89.5,74189.94,87811.22
1996,59180,,0.48215,21655.2193,89.5,87811.22,0.00
1997,0,5900,0,0,90.8,0.00,8629.07
1997,5900,6456,0.16,0,90.8,8629.07,9442.26
1997,6456,7000,0.30195,88.96,90.8,9442.26,10237.89
1997,7000,14000,0.33195,253.2208,90.8,10237.89,20475.77
1997,14000,23000,0.35195,2576.8708,90.8,20475.77,33638.77
1997,23000,29590,0.37195,5744.4208,90.8,33638.77,43277.00
1997,29590,50000,0.4471,8195.5713,90.8,43277.00,73127.75
1997,50000,59180,0.47215,17320.8823,90.8,73127.75,86554.01
1997,59180,,0.48215,21655.2193,90.8,86554.01,0.00
1998,0,5900,0,0,92.1,0.00,8507.27
1998,5900,6456,0.2,0,92.1,8507.27,9308.98
1998,6456,25000,0.34195,111.2,92.1,9308.98,36047.77
1998,25000,29590,0.37195,6452.3208,92.1,36047.77,42666.15
1998,29590,50000,0.4471,8159.5713,92.1,42666.15,72095.55
1998,50000,59180,0.4771,17284.8823,92.1,72095.55,85332.29
1998,59180,,0.50215,21664.6603,92.1,85332.29,0.00
1999,0,5900,0,0,93.5,0.00,8379.89
1999,5900,6794,0.2,0,93.5,8379.89,9649.66
1999,6794,25000,0.34195,178.8,93.5,9649.66,35508.02
1999,25000,29590,0.37195,6404.3417,93.5,35508.02,42027.29
1999,29590,50000,0.4471,8111.5922,93.5,42027.29,71016.04
1999,50000,59180,0.4771,17236.9032,93.5,71016.04,84054.59
1999,59180,,0.50215,21616.6812,93.5,84054.59,0.00
2000,0,5900,0,0,95.8,0.00,8178.71
2000,5900,7231,0.19,0,95.8,8178.71,10023.77
2000,7231,26000,0.33195,252.89,95.8,10023.77,36041.75
2000,26000,30004,0.36695,6483.25955,95.8,36041.75,41592.18
2000,30004,52000,0.43375,7952.52735,95.8,41592.18,72083.51
2000,52000,60009,0.45875,17493.29235,95.8,72083.51,83185.75
2000,60009,,0.49215,21167.4211,95.8,83185.75,0.00
2001,0,5900,0,0,98,0.00,7995.10
2001,5900,7412,0.17,0,98,7995.10,10044.02
2001,7412,26000,0.3036,257.04,98,10044.02,35232.65
2001,26000,30754,0.3461,5900.3568,98,35232.65,41674.81
2001,30754,52000,0.3962,7545.7162,98,41674.81,70465.31
2001,52000,61509,0.4287,15963.3814,98,70465.31,83350.97
2001,61509,100000,0.4621,20039.8897,98,83350.97,135510.20
2001,100000,,0.48715,37826.5808,98,135510.20,0.00
2002,0,6060,0,0,100,0.00,8047.68
2002,6060,7634,0.16,0,100,8047.68,10137.95
2002,7634,26700,0.2936,251.84,100,10137.95,35457.60
2002,26700,31677,0.3336,5849.6176,100,35457.60,42067.06
2002,31677,53405,0.3837,7509.9448,100,42067.06,70921.84
2002,53405,63354,0.4237,15846.9784,100,70921.84,84134.11
2002,63354,103000,0.4571,20062.3697,100,84134.11,136784.00
2002,103000,,0.48215,38184.5563,100,136784.00,0.00
2003,0,6150,0,0,102.5,0.00,7968.00
2003,6150,7556,0.16,0,102.5,7968.00,9789.63
2003,7556,27095,0.2936,224.96,102.5,9789.63,35104.55
2003,27095,32183,0.3336,5961.6104,102.5,35104.55,41696.61
2003,32183,54195,0.3837,7658.9672,102.5,41696.61,70215.57
2003,54195,64368,0.4237,16104.9716,102.5,70215.57,83395.81
2003,64368,104648,0.4571,20415.2717,102.5,83395.81,135582.97
2003,104648,,0.48215,38827.2597,102.5,135582.97,0.00
2004,0,6275,0,0,104.5,0.00,7974.35
2004,6275,8012,0.16,0,104.5,7974.35,10181.76
2004,8012,27635,0.2936,277.92,104.5,10181.76,35118.93
2004,27635,35000,0.3336,6039.2328,104.5,35118.93,44478.47
2004,35000,55280,0.3837,8496.1968,104.5,44478.47,70250.56
2004,55280,70000,0.4237,16277.6328,104.5,70250.56,88956.94
2004,70000,113804,0.4571,22514.4968,104.5,88956.94,144623.65
2004,113804,,0.48215,42537.3052,104.5,144623.65,0.00
2005,0,6365,0,0,106.9,0.00,7907.13
2005,6365,8648,0.16,0,106.9,7907.13,10743.26
2005,8648,28030,0.2873375,365.28,106.9,10743.26,34821.18
2005,28030,35595,0.3273375,5934.455425,106.9,34821.18,44219.05
2005,35595,56070,0.3837,8410.763613,106.9,44219.05,69654.78
2005,56070,71190,0.4237,16267.02111,106.9,69654.78,88438.09
2005,71190,115739,0.4571,22673.36511,106.9,88438.09,143780.54
2005,115739,,0.48215,43036.71301,106.9,143780.54,0.00
2006,0,6456,0,0,108.7,0.00,7887.37
2006,6456,8839,0.16,0,108.7,7887.37,10798.70
2006,8839,28710,0.28525,381.28,108.7,10798.70,35075.33
2006,28710,36378,0.32525,6049.48275,108.7,35075.33,44443.41
2006,36378,57430,0.3837,8543.49975,108.7,44443.41,70162.87
2006,57430,72756,0.4237,16621.15215,108.7,70162.87,88886.82
2006,72756,118285,0.4571,23114.77835,108.7,88886.82,144510.10
2006,118285,,0.48215,43926.08425,108.7,144510.10,0.00
2007,0,6650,0,0,110.4,0.00,7999.28
2007,6650,9600,0.16,0,110.4,7999.28,11547.83
2007,9600,29290,0.28525,472,110.4,11547.83,35232.90
2007,29290,37178,0.32525,6088.5725,110.4,35232.90,44721.36
2007,37178,58595,0.32525,8654.1445,110.4,44721.36,70483.84
2007,58595,74357,0.3837,15620.02375,110.4,70483.84,89443.93
2007,74357,120887,0.4571,21667.90315,110.4,89443.93,145414.80
2007,120887,,0.48215,42936.76615,110.4,145414.80,0.00
2008,0,9600,0,0,112.7,0.00,11312.16
2008,9600,10215,0.12525,0,112.7,11312.16,12036.84
2008,10215,37500,0.28525,77.02875,112.7,12036.84,44188.11
2008,37500,37885,0.32525,7860.075,112.7,44188.11,44641.77
2008,37885,75000,0.3837,7985.29625,112.7,44641.77,88376.22
2008,75000,75769,0.4237,22226.32175,112.7,88376.22,89282.37
2008,75769,123184,0.4571,22552.14705,112.7,89282.37,145153.82
2008,123184,,0.48215,44225.54355,112.7,145153.82,0.00
2009,0,10320,0,0,113.4,0.00,12085.50
2009,10320,10455,0.12525,0,113.4,12085.50,12243.60
2009,10455,38385,0.28525,16.90875,113.4,12243.60,44951.75
2009,38385,40726,0.32525,7983.94125,113.4,44951.75,47693.23
2009,40726,76770,0.3837,8745.3515,113.4,47693.23,89903.49
2009,76770,81452,0.4237,22575.4343,113.4,89903.49,95386.47
2009,81452,126264,0.4571,24559.1977,113.4,95386.47,147864.72
2009,126264,,0.48215,45042.7629,113.4,147864.72,0.00
2010,0,10382,0,0,114.8,0.00,12009.84
2010,10382,10505,0.12525,0,114.8,12009.84,12152.13
2010,10505,38570,0.28525,15.40575,114.8,12152.13,44617.56
2010,38570,40970,0.32525,8020.947,114.8,44617.56,47393.87
2010,40970,77140,0.3837,8801.547,114.8,47393.87,89235.12
2010,77140,81941,0.4237,22679.976,114.8,89235.12,94788.89
2010,81941,127021,0.4571,24714.1597,114.8,94788.89,146937.18
2010,127021,,0.48215,45320.2277,114.8,146937.18,0.00
2011,0,10527,0,0,118.3,0.00,11817.29
2011,10527,10640,0.12525,0,118.3,11817.29,11944.14
2011,10640,39060,0.28525,14.15325,118.3,11944.14,43847.57
2011,39060,41544,0.32525,8120.95825,118.3,43847.57,46636.04
2011,41544,78120,0.3837,8928.87925,118.3,46636.04,87695.15
2011,78120,83088,0.4237,22963.09045,118.3,87695.15,93272.07
2011,83088,128800,0.4571,25068.03205,118.3,93272.07,144586.98
2011,128800,,0.48215,45962.98725,118.3,144586.98,0.00
2012,0,10822,,0,120.8,0.00,11897.03
2012,10822,10925,0.12525,0,120.8,11897.03,12010.26
2012,10925,40100,0.28525,12.90075,120.8,12010.26,44083.44
2012,40100,42707,0.32525,8335.0695,120.8,44083.44,46949.42
2012,42707,80200,0.3837,9182.99625,120.8,46949.42,88166.89
2012,80200,85414,0.4237,23569.06035,120.8,88166.89,93898.83
2012,85414,132406,0.4571,25778.23215,120.8,93898.83,145558.91
2012,132406,,0.48215,47258.27535,120.8,145558.91,0.00
2013,0,11038,,0,121.7,0.00,12044.75
2013,11038,11195,0.12525,0,121.7,12044.75,12216.07
2013,11195,41095,0.28525,19.66425,121.7,12216.07,44843.19
2013,41095,43561,0.32525,8548.63925,121.7,44843.19,47534.11
2013,43561,82100,0.3837,9350.70575,121.7,47534.11,89588.17
2013,82100,87123,0.4237,24138.12005,121.7,89588.17,95069.30
2013,87123,100000,0.4571,26266.36515,121.7,95069.30,109120.79
2013,100000,135054,0.4746,32152.44185,121.7,109120.79,147371.99
2013,135054,,0.49965,48789.07025,121.7,147371.99,0.00
2014,0,11138,,0,123.4,0.00,11986.44
2014,11138,11305,0.12525,0,123.4,11986.44,12166.16
2014,11305,41495,0.28525,20.91675,123.4,12166.16,44655.88
2014,41495,43953,0.32525,8632.61425,123.4,44655.88,47301.12
2014,43953,82985,0.3837,9432.07875,123.4,47301.12,89306.39
2014,82985,87907,0.4237,24408.65715,123.4,89306.39,94603.32
2014,87907,100970,0.4571,26494.10855,123.4,94603.32,108661.39
2014,100970,136270,0.4751,32465.20585,123.4,108661.39,146650.37
2014,136270,,0.50015,49236.23585,123.4,146650.37,0.00
2015,0,11327,,0,124.7,0.00,12062.76
2015,11327,11425,0.12525,0,124.7,12062.76,12167.12
2015,11425,41935,0.28525,12.2745,124.7,12167.12,44658.93
2015,41935,44701,0.32525,8715.252,124.7,44658.93,47604.59
2015,44701,83365,0.3837,9614.8935,124.7,47604.59,88780.05
2015,83365,89401,0.4237,24450.2703,124.7,88780.05,95208.12
2015,89401,102040,0.4571,27007.7235,124.7,95208.12,108668.10
2015,102040,138586,0.4751,32785.0104,124.7,108668.10,147587.98
2015,138586,,0.50015,50148.015,124.7,147587.98,0.00
2016,0,11474,0,0,125.6,0.00,12131.75
2016,11474,11635,0.12525,0,125.6,12131.75,12301.97
2016,11635,42390,0.28525,20.16525,125.6,12301.97,44820.00
2016,42390,45282,0.32525,8793.029,125.6,44820.00,47877.78
2016,45282,84780,0.371175,9733.652,125.6,47877.78,89640.00
2016,84780,90563,0.411175,24394.32215,125.6,89640.00,95754.51
2016,90563,103150,0.4571,26772.14718,125.6,95754.51,109063.06
2016,103150,140388,0.4751,32525.66488,125.6,109063.06,148435.72
2016,140388,200000,0.50015,50217.43868,125.6,148435.72,211464.97
2016,200000,,0.53355,80032.38048,125.6,211464.97,0.00
2017,0,11635,0,0,126.9,0.00,12175.95
2017,11635,14890,0.12525,0,126.9,12175.95,15582.29
2017,14890,42705,0.27525,407.68875,126.9,15582.29,44690.50
2017,42705,45916,0.32525,8063.7675,126.9,44690.50,48050.79
2017,45916,85405,0.371175,9108.14525,126.9,48050.79,89375.76
2017,85405,91831,0.411175,23765.47483,126.9,89375.76,96100.53
2017,91831,103915,0.4571,26407.68538,126.9,96100.53,108746.35
2017,103915,142353,0.4746,31931.28178,126.9,108746.35,148971.46
2017,142353,202800,0.49965,50173.95658,126.9,148971.46,212228.84
2017,202800,,0.53305,80376.30013,126.9,212228.84,0.00
2018,0,11809,0,0,129,0.00,12156.86
2018,11809,15012,0.12525,0,129,12156.86,15454.21
2018,15012,43055,0.27525,401.17575,129,15454.21,44323.29
2018,43055,46605,0.32525,8120.0115,129,44323.29,47977.86
2018,46605,86105,0.371175,9274.649,129,47977.86,88641.43
2018,86105,93208,0.411175,23936.0615,129,88641.43,95953.66
2018,93208,104765,0.4571,26856.63753,129,95953.66,107851.10
2018,104765,144489,0.4746,32139.34223,129,107851.10,148745.27
2018,144489,205842,0.49965,50992.35263,129,148745.27,211905.56
2018,205842,,0.53305,81647.37908,129,211905.56,0.00
2019,0,12069,0,0,131.7,0.00,12169.80
2019,12069,15269,0.12525,0,131.7,12169.80,15396.53
2019,15269,43790,0.27525,400.8,131.7,15396.53,44155.75
2019,43790,47630,0.371175,8251.20525,131.7,44155.75,48027.82
2019,47630,87575,0.371175,9676.51725,131.7,48027.82,88306.45
2019,87575,95259,0.411175,24503.10263,131.7,88306.45,96054.63
2019,95259,106555,0.4571,27662.57133,131.7,96054.63,107444.98
2019,106555,147667,0.4746,32825.97293,131.7,107444.98,148900.36
2019,147667,210371,0.49965,52337.72813,131.7,148900.36,212128.09
2019,210371,,0.53305,83667.78173,131.7,212128.09,0.00
2020,0,13229,0,0,132.8,0.00,13229.00
2020,13229,15532,0.12525,0,132.8,13229.00,15532.00
2020,15532,44545,0.27525,288.45075,132.8,15532.00,44545.00
2020,44545,48535,0.32525,8274.279,132.8,44545.00,48535.00
2020,48535,89080,0.371175,9572.0265,132.8,48535.00,89080.00
2020,89080,97069,0.411175,24621.31688,132.8,89080.00,97069.00
2020,97069,108390,0.4571,27906.19395,132.8,97069.00,108390.00
2020,108390,150473,0.4746,33081.02305,132.8,108390.00,150473.00
2020,150473,214368,0.49965,53053.61485,132.8,150473.00,214368.00
2020,214368,,0.53305,84978.7516,132.8,214368.00,0.00
,,,,,,,
